date,frac_valid,filled_frac_valid,Q_mean,all,fn_yes,fn_no,fp_yes,fp_no,fn_yes_fp_no,fn_no_fp_no,fn_yes_fp_yes,fn_no_fp_yes,win_all,win_fn_yes,win_fn_no,win_fp_yes,win_fp_no,win_fn_yes_fp_no,win_fn_no_fp_no,win_fn_yes_fp_yes,win_fn_no_fp_yes,PR_sum,PRCP_sum,VPD_mean,TMMN_mean,TMMX_mean,ET_mean,SRAD_mean,SWE_mean,gage,DRAIN_SQKM,SLOPE_PCT,ELEV_MEAN_M_BASIN,FORESTNLCD06,PLANTNLCD06,DEVNLCD06,RFACT,SANDAVE,SILTAVE,CLAYAVE,ROCKDEPAVE,PERMAVE,STOR_NOR_2009,RAW_AVG_DIS_ALLDAMS,MAJ_NDAMS_2009,interpolated
2017-01-01 00:00:00+00:00,0.999788158,1.001725861,0.0,977153.0,236078.45,741074.0302,270305.9,706846.7,13337.166,693509.3226,222741.28,47564.70767,808190.6,202999.125,605190.88665,232238.34000000003,575951.77,9722.7395,566228.91065,193276.375,38961.976055,15.452256889703868,10.716901882472293,0.8087685226530742,273.72764408052484,290.702776833419,2.6600022677915116,138.21338006104992,0.0,09537500,2912.144,7.132089,1442.576,8.513264745599999,3.504944,1.806123168,49.67795,34.5684,37.15091,28.2807,48.85706,0.7542406,0.006350990885066124,54.22058,0,N
2017-01-15 00:00:00+00:00,1.00053724,1.001804325,0.006634221714285714,639228.2,169919.8,469307.7431,194170.78,445056.84,6108.313,438948.4987,163811.47,30359.24444,845212.0666666668,220598.31333333332,624613.4014,248587.04,596624.7133333333,8060.633333333334,588564.0319333334,212537.67333333334,36049.369516666666,18.826416238163606,37.0512688451324,0.4074326012472324,271.4134460986591,284.4012585524587,1.8880825901753902,132.42234337446027,0.0,09537500,2912.144,7.132089,1442.576,8.513264745599999,3.504944,1.806123168,49.67795,34.5684,37.15091,28.2807,48.85706,0.7542406,0.006350990885066124,54.22058,0,N
2017-01-29 00:00:00+00:00,0.998454501,1.001824379,0.0,919255.0,255796.69,663458.4309,281284.44,637970.6,4736.421,633234.2745,251060.27,30224.15644,688593.41,205144.8933333333,483448.30613333336,227430.78666666665,461162.43999999994,5331.164433333333,455831.27616666676,199813.71999999997,27617.03001,0.05629446835335933,0.0,1.185464182322852,274.33339197150906,294.8858092403324,3.5342132302688336,186.72339073267787,0.0,09537500,2912.144,7.132089,1442.576,8.513264745599999,3.504944,1.806123168,49.67795,34.5684,37.15091,28.2807,48.85706,0.7542406,0.006350990885066124,54.22058,0,N
2017-02-12 00:00:00+00:00,0.998789344,1.001683773,0.0,507297.03,189718.19,317578.7444,206837.14,300459.88,5148.7593,295311.0553,184569.42,22267.68915,630684.76,185273.22333333336,445411.4844333334,205112.11,425572.62666666665,5451.125533333333,420121.47983333335,179822.09666666668,25290.00462333333,14.740489091314082,16.03369544688739,0.7400612448540297,274.8894163726,290.0597180732265,3.188408596192024,177.0759188308261,0.0,09537500,2912.144,7.132089,1442.576,8.513264745599999,3.504944,1.806123168,49.67795,34.5684,37.15091,28.2807,48.85706,0.7542406,0.006350990885066124,54.22058,0,N
2017-02-26 00:00:00+00:00,0.998531916,1.001689602,0.0,465502.25,110304.79,355197.278,127214.75,338287.4,6468.1963,331819.1097,103836.6,23378.16828,422458.98,127048.17,295410.7227,140768.68333333335,281690.29333333333,5147.497066666667,276542.71393333335,121900.66799999999,18868.008786666665,-1.7763568394002505e-15,0.0,1.3311886289222414,276.4980666659013,295.44154404304606,4.658864642163468,220.52775563443635,0.0,09537500,2912.144,7.132089,1442.576,8.513264745599999,3.504944,1.806123168,49.67795,34.5684,37.15091,28.2807,48.85706,0.7542406,0.006350990885066124,54.22058,0,N
2017-03-12 00:00:00+00:00,1.000949148,1.001680858,0.0,294577.66,81121.53,213456.1457,88254.16,206323.6,3825.5356,202497.9768,77295.984,10958.16893,379018.8433333333,74364.70966666666,304654.0851333333,83023.81333333334,295995.04,4046.9438666666665,291948.0309333333,70317.76366666667,12706.054204333333,0.43690659820392264,0.223036450393595,1.9283018923586888,279.57207135860295,300.62819625739536,5.711867267603943,263.1769364708336,0.0,09537500,2912.144,7.132089,1442.576,8.513264745599999,3.504944,1.806123168,49.67795,34.5684,37.15091,28.2807,48.85706,0.7542406,0.006350990885066124,54.22058,0,N
2017-03-26 00:00:00+00:00,1.001489886,1.001665468,0.0,376976.62,31667.809,345308.8317,33602.53,343374.12,1847.0997,341527.0063,29820.707,3781.825403,268712.39999999997,46785.60633333333,221926.81033333333,51262.681333333334,217449.76,3223.2435000000005,214226.48930000002,43562.35866666667,7700.3210309999995,2.426529864704972,1.332569939639924,1.46393769913646,276.97631593028365,296.15418072243307,5.891889818249326,284.54278828152735,0.0,09537500,2912.144,7.132089,1442.576,8.513264745599999,3.504944,1.806123168,49.67795,34.5684,37.15091,28.2807,48.85706,0.7542406,0.006350990885066124,54.22058,0,N
2017-04-09 00:00:00+00:00,0.99921326,1.001696947,0.0,134582.92,27567.48,107015.4536,31931.354,102651.56,3997.0952,98654.4848,23570.385,8360.96876,297738.9733333333,90891.98300000001,206846.89903333332,93132.30133333332,204606.66333333333,14156.488299999999,190450.10493333335,76735.51066666667,16396.794094333334,-1.7763568394002505e-15,0.0,2.155651512670355,279.8965647559716,301.971949223654,6.839205598361924,314.0352375321477,0.0,09537500,2912.144,7.132089,1442.576,8.513264745599999,3.504944,1.806123168,49.67795,34.5684,37.15091,28.2807,48.85706,0.7542406,0.006350990885066124,54.22058,0,N
2017-04-23 00:00:00+00:00,1.000496201,1.001696248,0.0,381657.38,213440.66,168216.4118,213863.02,167794.31,36625.27,131168.8237,176815.44,37047.58812,218810.46999999997,87298.50433333333,131511.85826666668,89957.46566666667,128852.98,15465.687666666667,113387.22323333334,71832.83233333334,18124.635012,0.04998765333280902,0.0016379881686137,2.2053754438824886,282.99001892170975,301.56318755334723,7.848145603091666,329.690436308482,0.0,09537500,2912.144,7.132089,1442.576,8.513264745599999,3.504944,1.806123168,49.67795,34.5684,37.15091,28.2807,48.85706,0.7542406,0.006350990885066124,54.22058,0,N
2017-05-07 00:00:00+00:00,1.001566018,1.001702893,0.0,140191.11,20887.373,119303.7094,24078.023,116113.07,5774.6978,110338.3612,15112.672,8965.348156,317932.32,161599.61433333333,156332.56786666668,162468.08766666666,155464.26,26219.127266666666,129244.98986666666,135380.51066666667,27087.578005333333,3.5274983194078886,1.3924858827041564,1.6968086526706965,281.14188391021105,298.672247877139,6.97271106210992,328.2091702612718,0.0,09537500,2912.144,7.132089,1442.576,8.513264745599999,3.504944,1.806123168,49.67795,34.5684,37.15091,28.2807,48.85706,0.7542406,0.006350990885066124,54.22058,0,N
2017-05-21 00:00:00+00:00,0.998741892,1.00180281,0.0,431948.47,250470.81,181477.5824,249463.22,182485.4,36257.414,146227.7847,214213.42,35249.79774,255823.20999999996,112883.86766666664,142939.23870000002,115988.61099999999,139834.57866666667,19231.363766666665,120603.14396666666,93652.51066666667,22336.094725333332,1.2395435889794661,0.0371359906743182,2.7160446439942723,286.3380180058076,305.555226357132,8.308179550202931,339.8574498281273,0.0,09537500,2912.144,7.132089,1442.576,8.513264745599999,3.504944,1.806123168,49.67795,34.5684,37.15091,28.2807,48.85706,0.7542406,0.006350990885066124,54.22058,0,N
2017-06-04 00:00:00+00:00,0.999978198,1.001810621,0.0,195330.05,67293.42,128036.4243,74424.59,120905.266,15661.9795,105243.286,51631.44,22793.13828,282572.2266666666,111778.32733333333,170793.79543333335,114322.727,168249.47866666666,17943.291699999998,150306.1168333333,93835.04349999999,20487.678606,1.7212486714539628,0.0035013368862053,3.075265611353735,288.27648505012127,307.8426760127979,8.581040951487138,332.9408710763724,0.0,09537500,2912.144,7.132089,1442.576,8.513264745599999,3.504944,1.806123168,49.67795,34.5684,37.15091,28.2807,48.85706,0.7542406,0.006350990885066124,54.22058,0,N
2017-06-18 00:00:00+00:00,1.001634806,1.001827293,0.0,220438.16,17570.752,202867.3796,19080.371,201357.77,1910.4816,199447.2798,15660.2705,3420.099798,297210.1533333333,104463.064,192746.9787,116434.37366666667,180775.672,6619.7136,174155.95733333332,97843.34683333333,18591.021372666666,5.841472410447791,4.459435579921362,3.7230889661748017,292.367389790256,311.09962819224245,8.800386494090096,322.40503542532605,0.0,09537500,2912.144,7.132089,1442.576,8.513264745599999,3.504944,1.806123168,49.67795,34.5684,37.15091,28.2807,48.85706,0.7542406,0.006350990885066124,54.22058,0,N
2017-07-02 00:00:00+00:00,0.9480199,1.001953909,0.0014967451428571428,475862.25,228525.02,247337.1322,255798.16,220063.98,2286.6797,217777.3062,226238.33,29559.82604,633165.3033333333,199127.644,434037.5574333333,226209.137,406956.05,2409.8903666666665,404546.14723333326,196717.7535,29491.410225999996,29.759267264699268,28.81018998209893,2.456005132749443,291.72219855858674,307.3206209573033,7.074669403685201,273.8343889763711,0.0,09537500,2912.144,7.132089,1442.576,8.513264745599999,3.504944,1.806123168,49.67795,34.5684,37.15091,28.2807,48.85706,0.7542406,0.006350990885066124,54.22058,0,N
2017-07-16 00:00:00+00:00,0.940379265,1.002162252,0.04378990857142857,1203195.5,351287.16,851908.1605,403748.88,799446.4,3032.5098,796413.8557,348254.66,55494.30484,1077863.0833333333,588753.9933333333,489108.7201333334,655813.08,422049.70333333337,4875.3341666666665,417174.3238666667,583878.6633333333,71934.39629333334,93.2709442433203,111.60227194139065,1.1985404289452026,290.83846840149454,302.44880007308063,4.495307686896724,207.37025017021793,0.0,09537500,2912.144,7.132089,1442.576,8.513264745599999,3.504944,1.806123168,49.67795,34.5684,37.15091,28.2807,48.85706,0.7542406,0.006350990885066124,54.22058,0,N
2017-07-30 00:00:00+00:00,1.000339623,1.001900161,0.8527604320000001,1554531.5,1186449.8,368080.8677,1307892.2,246638.73,9306.813,237331.8097,1177143.0,130749.058,1497012.6666666667,887811.1533333333,609201.0738666666,979247.9933333333,517764.31000000006,6538.259933333334,511225.9875666667,881272.8866666667,97975.08631333332,72.08649683414205,57.393634048680305,1.661626150252158,291.06313918382557,305.15196200699285,5.441828498131519,256.17824532229935,0.0,09537500,2912.144,7.132089,1442.576,8.513264745599999,3.504944,1.806123168,49.67795,34.5684,37.15091,28.2807,48.85706,0.7542406,0.006350990885066124,54.22058,0,N
2017-08-13 00:00:00+00:00,1.000608593,1.002059888,0.7076772845714286,1733311.0,1125696.5,607614.1934,1226102.9,507207.8,7275.457,499932.2973,1118421.0,107681.8961,1546001.8333333333,1076642.4666666666,469359.01300000004,1153899.1166666665,392102.5,7758.8803333333335,384343.5436,1068883.5999999999,85015.46938333333,12.637767847348684,43.937839182936,1.6099662772517631,289.0929828036292,303.9839664574383,5.543971963881625,262.1926662469437,0.0,09537500,2912.144,7.132089,1442.576,8.513264745599999,3.504944,1.806123168,49.67795,34.5684,37.15091,28.2807,48.85706,0.7542406,0.006350990885066124,54.22058,0,N
2017-08-27 00:00:00+00:00,0.999926782,1.002092532,0.0,1350163.0,917781.1,432381.9779,927702.25,422460.97,6694.371,415766.5238,911086.8,16615.45405,1419657.2,972829.8000000002,446827.2074,1014520.8633333333,405136.19,6316.5770999999995,398819.5714333334,966513.2466666667,48007.635963333334,1.4505144114839956,1.2730162039714683,1.9978453787110133,288.27836050980346,305.2541452497649,6.108382492529573,263.928541582197,0.0,09537500,2912.144,7.132089,1442.576,8.513264745599999,3.504944,1.806123168,49.67795,34.5684,37.15091,28.2807,48.85706,0.7542406,0.006350990885066124,54.22058,0,N
2017-09-10 00:00:00+00:00,1.001244817,1.002035287,0.0,1175497.6,875011.8,300485.4509,889757.44,285739.8,4979.9033,280759.8932,870031.94,19725.55774,1502178.4000000001,850108.8200000002,652069.4712666667,871336.5433333333,630841.79,5544.4386,625297.4106666667,844564.4466666667,26772.06044,0.8664206248178342,0.08788468122766427,1.7649264144430943,287.72762446434933,304.1635363811102,6.010346164495401,248.75490133189325,0.0,09537500,2912.144,7.132089,1442.576,8.513264745599999,3.504944,1.806123168,49.67795,34.5684,37.15091,28.2807,48.85706,0.7542406,0.006350990885066124,54.22058,0,N
2017-09-24 00:00:00+00:00,1.001287255,1.001826011,0.0,1980874.6,757533.56,1223340.985,796549.94,1184324.6,4959.0415,1179365.815,752574.6,43975.16953,1256860.5466666666,684983.2533333334,571876.9635666666,704606.8933333332,552253.4666666667,18374.309599999997,533879.1015,666609.0033333333,37997.86194,0.241787917180044,0.0918108133257052,1.7960516893050396,283.80995019809285,302.5790986984545,5.547531384819875,239.33194478571497,0.0,09537500,2912.144,7.132089,1442.576,8.513264745599999,3.504944,1.806123168,49.67795,34.5684,37.15091,28.2807,48.85706,0.7542406,0.006350990885066124,54.22058,0,N
2017-10-08 00:00:00+00:00,1.001082059,1.001908556,0.0,614209.44,422404.4,191804.4548,427513.3,186696.0,45183.984,141511.5963,377220.47,50292.85855,1159927.3666666667,547234.0800000002,612692.9788333332,567975.1466666666,591952.0666666668,18565.464166666665,573386.5427333334,528668.6566666666,39306.435966666664,0.1955090664226505,0.0012841941610453,1.7439092004286325,283.91745728328925,301.5056042359524,5.141643698000964,218.72738914939927,0.0,09537500,2912.144,7.132089,1442.576,8.513264745599999,3.504944,1.806123168,49.67795,34.5684,37.15091,28.2807,48.85706,0.7542406,0.006350990885066124,54.22058,0,N
2017-10-22 00:00:00+00:00,1.001423664,1.001889318,0.0,884698.06,461764.28,422933.4967,479862.2,404835.6,5553.367,399282.2169,456210.9,23651.27982,931716.5666666668,408446.7666666668,523269.6104666667,438760.39999999997,492956.1666666667,18878.954566666664,474077.04613333335,389567.83,49192.564373333335,2.201680407372169,2.6225471179115436,1.5564518239992577,280.49972176267636,298.82256025821954,4.529812198424838,192.49659165518477,0.0,09537500,2912.144,7.132089,1442.576,8.513264745599999,3.504944,1.806123168,49.67795,34.5684,37.15091,28.2807,48.85706,0.7542406,0.006350990885066124,54.22058,0,N
2017-11-05 00:00:00+00:00,1.001328994,1.001892466,0.0,1296242.2,341171.62,955070.8799,408905.7,887336.9,5899.5127,881437.3252,335272.12,73633.55475,1154081.2533333332,367624.47666666674,786456.6135,405580.2,748501.1866666666,5825.0727,742675.8212666666,361799.4066666667,43780.79223333333,4.137926848201699,4.028899352345099,1.5086222122567166,279.9438870520587,298.65767290496524,3.489502131684417,171.11803371326718,0.0,09537500,2912.144,7.132089,1442.576,8.513264745599999,3.504944,1.806123168,49.67795,34.5684,37.15091,28.2807,48.85706,0.7542406,0.006350990885066124,54.22058,0,N
2017-11-19 00:00:00+00:00,1.001261256,1.001924645,0.0,1281303.5,299937.53,981365.4639,327972.7,953331.06,6022.3384,947307.9217,293915.2,34057.54213,942347.1333333333,243832.17666666675,698514.8698333333,282956.2733333334,659391.0533333333,5355.5487,654035.2171,238476.6353333333,44479.65271333334,0.003350769985589983,0.0,1.5307568507061653,278.3617583436518,297.2022521579534,3.4689198240967243,157.34877009244,0.0,09537500,2912.144,7.132089,1442.576,8.513264745599999,3.504944,1.806123168,49.67795,34.5684,37.15091,28.2807,48.85706,0.7542406,0.006350990885066124,54.22058,0,N
2017-12-03 00:00:00+00:00,1.001073198,1.001931174,0.0,249495.7,90387.38,159108.2657,111990.42,137505.2,4144.795,133360.4044,86242.586,25747.86126,636857.65,169570.89666666675,467286.55453333334,195856.6433333333,441001.07,6426.685799999999,434574.11543333344,163144.21533333333,32712.43906,3.168823614767934,0.4671774349364357,0.7880715382752161,273.55841049560615,289.2744847166852,2.6025050267453773,141.1430656425927,0.0,09537500,2912.144,7.132089,1442.576,8.513264745599999,3.504944,1.806123168,49.67795,34.5684,37.15091,28.2807,48.85706,0.7542406,0.006350990885066124,54.22058,0,N
2017-12-17 00:00:00+00:00,0.997042497,1.001865185,0.0,379773.75,118387.78,261385.934,147606.81,232166.95,9112.924,223054.0202,109274.86,38331.91379,740624.9499999998,199530.89666666675,541093.9525666666,225635.91,514988.9166666667,7654.345666666667,507334.5755333334,191876.54866666664,33759.37684333333,0.193856426035645,1.3898273022710408,0.9257345943617705,272.31338022409574,290.6943757787088,2.2448760055643158,146.50645296953576,0.0,09537500,2912.144,7.132089,1442.576,8.513264745599999,3.504944,1.806123168,49.67795,34.5684,37.15091,28.2807,48.85706,0.7542406,0.006350990885066124,54.22058,0,N
2018-01-01 00:00:00+00:00,1.000929211,1.001824379,0.0,1592605.4,389817.53,1202787.658,417310.5,1175294.6,9705.318,1165589.302,380112.2,37198.35548,1320690.1166666665,251878.67000000007,1068811.1883333335,276852.10333333333,1043837.8833333334,9114.178333333331,1034723.5620666668,242764.49333333332,34087.62601333333,1.7253000826953315,0.9043556261199688,0.9631676047656343,274.94703013541147,292.36556998445155,2.7316122840516974,141.05355122665176,0.0,09537500,2912.144,7.132089,1442.576,8.513264745599999,3.504944,1.806123168,49.67795,34.5684,37.15091,28.2807,48.85706,0.7542406,0.006350990885066124,54.22058,0,N
2018-01-15 00:00:00+00:00,1.000859724,1.001748829,0.0,1989691.2,247430.7,1742259.973,265639.0,1724052.1,8524.293,1715527.364,238906.42,26732.60877,1596372.5666666667,284250.2033333334,1312122.0910666666,305304.13,1291068.3166666667,8516.659233333334,1282551.4698,275733.54,29570.620996666665,1.841263207877228,0.2178787699379612,0.9375853320120211,270.8468290982198,289.96741322697505,3.2808910928724146,165.2283853944607,0.0,09537500,2912.144,7.132089,1442.576,8.513264745599999,3.504944,1.806123168,49.67795,34.5684,37.15091,28.2807,48.85706,0.7542406,0.006350990885066124,54.22058,0,N
2018-01-29 00:00:00+00:00,1.000967336,1.001682607,0.0,1206821.1,215502.38,991318.6422,232962.89,973858.25,7320.3667,966537.7434,208182.0,24780.89874,1433975.9000000001,287314.42666666675,1146661.1624666667,331341.0466666667,1102634.8833333333,7862.7684,1094771.7618666666,279451.63999999996,51889.40050333333,-7.105427357601002e-15,0.0,1.3875194388089773,275.2007231400089,295.7355719466478,4.136192030112942,188.85153748085708,0.0,09537500,2912.144,7.132089,1442.576,8.513264745599999,3.504944,1.806123168,49.67795,34.5684,37.15091,28.2807,48.85706,0.7542406,0.006350990885066124,54.22058,0,N
2018-02-12 00:00:00+00:00,0.552164252,1.001649845,0.0,1105415.4,399010.2,706404.8722,495421.25,609994.3,7743.6455,602250.1782,391266.5,104154.694,1047434.4799999999,282575.6400000001,764858.6909666667,324175.26666666666,723259.2833333332,7034.782733333333,716224.2767000002,275540.83999999997,48634.414240000006,49.74919227823992,50.33868967874896,0.5870189444708404,275.78979766295055,288.4336162133538,2.8537604787675166,167.10762982240635,0.0,09537500,2912.144,7.132089,1442.576,8.513264745599999,3.504944,1.806123168,49.67795,34.5684,37.15091,28.2807,48.85706,0.7542406,0.006350990885066124,54.22058,0,N
2018-02-26 00:00:00+00:00,0.998812195,1.001685172,0.0,830066.94,233214.34,596852.5585,244141.66,585925.3,6040.336,579884.9085,227174.02,16967.64998,1020276.0466666665,265114.79333333345,755160.9692,302751.0233333334,717524.9333333332,5040.1231,712484.6202666668,260074.65333333332,42676.34889833333,5.352652419405123,3.5404644030411827,1.2252235459438559,275.2755895283762,293.8779037913892,4.3843659478614665,216.7989258926319,0.0,09537500,2912.144,7.132089,1442.576,8.513264745599999,3.504944,1.806123168,49.67795,34.5684,37.15091,28.2807,48.85706,0.7542406,0.006350990885066124,54.22058,0,N
2018-03-12 00:00:00+00:00,1.001100247,1.001674212,0.0,1125345.8,163119.84,962225.4769,168690.16,956655.2,1336.3878,955318.7741,161783.44,6906.702715,848813.38,173820.66000000006,674992.5405333334,180791.16133333335,668022.0533333332,2952.855066666667,665069.1882000001,170867.80666666664,9923.352296666666,0.9617633641912269,1.45508666892791,1.3711104351490615,278.5171355347018,296.37529844349376,5.228817666300475,252.38151420628773,0.0,09537500,2912.144,7.132089,1442.576,8.513264745599999,3.504944,1.806123168,49.67795,34.5684,37.15091,28.2807,48.85706,0.7542406,0.006350990885066124,54.22058,0,N
2018-03-26 00:00:00+00:00,1.001536638,1.001728659,0.0,591027.4,125127.8,465899.5862,129541.664,461485.66,1481.8414,460003.882,123645.96,5895.704195,882165.8333333334,157738.04666666675,724427.4825666667,163307.20133333333,718858.4199999999,1580.5834333333332,717277.7592000002,156157.46666666665,7149.723323333333,0.3289389142427002,0.0,1.759506102576213,279.6396670292727,298.35837367601147,6.1754000039442625,284.8148841671944,0.0,09537500,2912.144,7.132089,1442.576,8.513264745599999,3.504944,1.806123168,49.67795,34.5684,37.15091,28.2807,48.85706,0.7542406,0.006350990885066124,54.22058,0,N
2018-04-09 00:00:00+00:00,1.000658726,1.001760605,0.0,930124.3,184966.5,745157.3846,191689.78,738434.4,1923.5211,736510.6215,183043.0,8646.76306,714290.9,143961.47666666674,570329.2313666666,150665.86133333333,563624.9533333333,1774.8269333333335,561850.0347333335,142186.65666666665,8479.196618333333,-7.105427357601002e-15,0.0,2.0297429310318753,280.03168648578657,299.9681400407214,7.118542948953549,301.46246429210805,0.0,09537500,2912.144,7.132089,1442.576,8.513264745599999,3.504944,1.806123168,49.67795,34.5684,37.15091,28.2807,48.85706,0.7542406,0.006350990885066124,54.22058,0,N
2018-04-23 00:00:00+00:00,1.001021433,1.001795931,0.0,621721.0,121790.13,499930.7233,130766.14,490954.8,1919.1183,489035.6007,119871.01,10895.1226,799330.8333333334,141623.66833333342,657706.9681333334,149941.88,649388.88,1919.8709666666666,647468.8992,139703.80333333332,10238.06891,-7.105427357601002e-15,0.0,2.2206054663799217,283.44955748257183,301.6460772917356,7.31985201978451,327.2372550935475,0.0,09537500,2912.144,7.132089,1442.576,8.513264745599999,3.504944,1.806123168,49.67795,34.5684,37.15091,28.2807,48.85706,0.7542406,0.006350990885066124,54.22058,0,N
2018-05-07 00:00:00+00:00,1.001659989,1.001786954,0.0,846147.2,118114.375,728032.7965,127369.72,718777.44,1916.9735,716860.4754,116197.4,11172.32107,744997.0666666665,103171.52500000008,641825.4435333334,112522.86666666665,632474.1799999999,1909.2585333333334,630564.8460333335,101262.2633333333,11260.597463333334,-7.105427357601002e-15,0.0,2.667773294382145,284.90192816858627,305.0354548363488,8.507798542521448,341.9394571379909,0.0,09537500,2912.144,7.132089,1442.576,8.513264745599999,3.504944,1.806123168,49.67795,34.5684,37.15091,28.2807,48.85706,0.7542406,0.006350990885066124,54.22058,0,N
2018-05-21 00:00:00+00:00,1.001684705,1.001819715,0.0,767123.0,69610.07,697512.8108,79432.74,687690.3,1891.6838,685798.462,67718.38,11714.34872,1394072.4666666666,85235.51833333341,1308836.5657666668,102568.06,1291504.3133333332,1921.0114999999998,1289583.0184666666,83314.50466666663,19253.54714,-7.105427357601002e-15,0.0,2.926889005469642,285.3381455858657,306.5962318764554,8.681146010867229,344.94861580864927,0.0,09537500,2912.144,7.132089,1442.576,8.513264745599999,3.504944,1.806123168,49.67795,34.5684,37.15091,28.2807,48.85706,0.7542406,0.006350990885066124,54.22058,0,N
2018-06-04 00:00:00+00:00,1.00123479,1.001837203,0.0,2568947.2,67982.11,2500964.09,100901.72,2468045.2,1954.3772,2466090.118,66027.734,34873.97163,1508797.0333333332,120882.62333333341,1387913.9257,139515.89333333334,1369280.98,1735.9032,1367544.7667666667,119146.71466666665,20369.158786666667,23.36813624204131,21.92832021040753,2.8623206898171953,289.07110353281644,306.95159536425473,8.013703107962703,307.0064901029454,0.0,09537500,2912.144,7.132089,1442.576,8.513264745599999,3.504944,1.806123168,49.67795,34.5684,37.15091,28.2807,48.85706,0.7542406,0.006350990885066124,54.22058,0,N
2018-06-18 00:00:00+00:00,1.001621864,1.00184793,0.0,1190320.9,225055.69,965264.8763,238213.22,952107.44,1361.6486,950745.7203,223694.03,14519.15601,2193239.3666666667,105876.9293333334,2087361.8431000002,131165.27666666667,2062073.88,1310.5680333333332,2060762.9430999998,104566.358,26598.899986666667,7.100988826398911,8.290939772635465,3.0224725570084026,289.76555920074077,308.1324688841801,8.679473311687596,327.5390567993816,0.0,09537500,2912.144,7.132089,1442.576,8.513264745599999,3.504944,1.806123168,49.67795,34.5684,37.15091,28.2807,48.85706,0.7542406,0.006350990885066124,54.22058,0,N
2018-07-02 00:00:00+00:00,1.001401861,1.001854458,0.0,2820450.0,24592.988,2795856.563,54380.89,2766069.0,615.6783,2765452.991,23977.31,30403.57232,1479151.9000000001,138814.04266666676,1340337.5743666668,159501.41,1319650.3699999999,1789.4316333333334,1317860.7818666666,137024.6133333333,22476.792613333335,31.80098183618635,32.63927867148977,2.1508668469809584,291.5661322540922,305.1528099645434,6.895685269857365,269.6705181967532,0.0,09537500,2912.144,7.132089,1442.576,8.513264745599999,3.504944,1.806123168,49.67795,34.5684,37.15091,28.2807,48.85706,0.7542406,0.006350990885066124,54.22058,0,N
2018-07-16 00:00:00+00:00,1.001535705,1.00190634,0.1117300022857143,426684.8,166793.45,259891.2838,185910.12,240774.67,3390.968,237383.6343,163402.5,22507.64951,1635465.4000000001,353919.9593333334,1281545.2537333334,431198.47,1204266.64,3909.9305999999997,1200356.5424,350009.9566666667,81188.71144333333,28.612929026013163,24.025745420797413,2.3575002911896203,292.8414805293547,307.90797040858445,6.914871728959581,280.47756125518947,0.0,09537500,2912.144,7.132089,1442.576,8.513264745599999,3.504944,1.806123168,49.67795,34.5684,37.15091,28.2807,48.85706,0.7542406,0.006350990885066124,54.22058,0,N
2018-07-30 00:00:00+00:00,1.001217418,1.001937003,0.45531391771428575,1659261.4,870373.44,788887.9144,1053304.4,605956.25,7723.1455,598233.0019,862650.06,190654.9125,1145942.7333333334,576314.0300000001,569628.5452666668,717716.4733333333,428225.9399999999,5816.233166666668,422409.6476,570497.7066666667,147218.89767,51.37641633013494,69.02481311321421,1.9967832274420323,291.1747254415446,306.6993711068966,6.246266133018847,274.8800262395961,0.0,09537500,2912.144,7.132089,1442.576,8.513264745599999,3.504944,1.806123168,49.67795,34.5684,37.15091,28.2807,48.85706,0.7542406,0.006350990885066124,54.22058,0,N
2018-08-13 00:00:00+00:00,0.954112238,1.001925111,0.23213708114285714,1351882.0,691775.2,660106.4376,913934.9,437946.9,6334.586,431612.3066,685440.56,228494.131,1472691.8666666665,713346.0800000001,759345.5073,912993.7999999999,559697.5833333331,6566.542666666667,553131.0165333333,706779.4566666667,206214.49076666668,33.568548258091376,34.23960853010883,1.4305298917531288,290.269498003868,304.29505738709486,5.709763777756315,258.92337194316076,0.0,09537500,2912.144,7.132089,1442.576,8.513264745599999,3.504944,1.806123168,49.67795,34.5684,37.15091,28.2807,48.85706,0.7542406,0.006350990885066124,54.22058,0,N
2018-08-27 00:00:00+00:00,1.000350582,1.001883372,0.18945961828571425,1406932.2,577889.6,829042.1699,771742.1,635189.6,5641.8965,629547.7411,572247.75,199494.4288,1247135.5999999999,541496.5900000001,705638.7574000001,738868.8333333334,508266.5666666665,6001.156166666668,502265.39739999996,535495.4266666666,203373.36,25.431290265470746,25.43224975318246,1.6612150422193928,288.6120355211885,303.87504100885786,5.537451217558762,259.2664189787143,0.0,09537500,2912.144,7.132089,1442.576,8.513264745599999,3.504944,1.806123168,49.67795,34.5684,37.15091,28.2807,48.85706,0.7542406,0.006350990885066124,54.22058,0,N
2018-09-10 00:00:00+00:00,0.988966054,1.001609506,0.008292777142857111,982592.6,354824.97,627767.6647,530929.5,451663.2,6026.986,445636.1445,348797.97,182131.5202,1240624.1333333333,417965.9233333334,822657.8712000003,598998.9,641624.7999999998,5835.438166666667,635789.4195333334,412130.48,186868.45183333335,20.974518779788973,27.394896923151332,1.966821761856536,288.3976308680557,304.6778347298964,5.668556319512272,246.72558768938617,0.0,09537500,2912.144,7.132089,1442.576,8.513264745599999,3.504944,1.806123168,49.67795,34.5684,37.15091,28.2807,48.85706,0.7542406,0.006350990885066124,54.22058,0,N
2018-09-24 00:00:00+00:00,1.000904961,1.00172796,0.016201254857142824,1332347.6,321183.2,1011163.779,494325.1,838021.6,5837.432,832184.373,315345.72,178979.4065,1083936.6666666667,350954.8366666667,732981.3743666668,512228.8133333333,571707.3666666666,7264.062833333334,564443.2975,343690.74999999994,168538.07703333333,21.028879162624552,22.82989560318573,1.5397938273984566,285.93171067880223,302.2377864871546,4.908787794137256,225.74140801160212,0.0,09537500,2912.144,7.132089,1442.576,8.513264745599999,3.504944,1.806123168,49.67795,34.5684,37.15091,28.2807,48.85706,0.7542406,0.006350990885066124,54.22058,0,N
2018-10-08 00:00:00+00:00,0.943810468,1.00172248,0.03707478171428569,936869.8,376856.34,560012.6794,511431.84,425437.3,9927.7705,415509.375,366928.56,144503.3044,1456607.2,583452.8466666668,873153.6171333335,784395.5800000001,672210.7333333333,10903.079833333333,661307.5801333333,572549.6933333332,211846.0371,44.44824880866633,53.25751231889943,0.6972420555682427,280.9450011370749,292.788894316363,3.324809715034067,182.50952621669086,0.0,09537500,2912.144,7.132089,1442.576,8.513264745599999,3.504944,1.806123168,49.67795,34.5684,37.15091,28.2807,48.85706,0.7542406,0.006350990885066124,54.22058,0,N
2018-10-22 00:00:00+00:00,0.996658804,1.001793249,0.5145971611428571,2100604.2,1052319.0,1048284.393,1347429.8,753173.3,16944.037,736228.9924,1035374.8,312055.4004,1539871.0666666667,694827.6966666668,845042.4992000001,886947.3133333334,652923.0133333332,11485.019833333334,641437.7126333333,683342.62,203604.78650000002,27.994992794804425,38.33053385750401,1.0181140505223498,279.50783933541476,295.6084513580919,3.3402695657466603,190.90186923447604,0.0,09537500,2912.144,7.132089,1442.576,8.513264745599999,3.504944,1.806123168,49.67795,34.5684,37.15091,28.2807,48.85706,0.7542406,0.006350990885066124,54.22058,0,N
2018-11-05 00:00:00+00:00,1.000122768,1.001458757,0.0,1582139.2,655307.75,926830.4252,801980.3,780158.44,7583.252,772574.7705,647724.5,154255.6547,1648924.2666666666,722242.8833333334,926680.3205000003,882440.92,766482.3933333332,10951.922833333332,755530.2109333333,711290.8999999999,171150.10949,-7.105427357601002e-15,0.0,1.0207247081343787,274.4202418272986,291.99192143144927,3.432393662537776,177.49711680641173,0.0,09537500,2912.144,7.132089,1442.576,8.513264745599999,3.504944,1.806123168,49.67795,34.5684,37.15091,28.2807,48.85706,0.7542406,0.006350990885066124,54.22058,0,N
2018-11-19 00:00:00+00:00,0.914213866,1.001561471,0.0,1264029.4,459101.9,804926.1433,497912.66,766115.44,8328.4795,757786.8699,450773.4,47139.27337,1412551.7,507393.4833333334,905157.006,593819.6333333333,818731.1466666665,8057.525833333333,810673.3895333334,499335.97666666657,94483.61648333336,3.3964162559640294,2.40033104332757,0.7951026973157679,273.77417879386354,290.68694555185385,2.5320643329949752,141.16631364946983,0.0,09537500,2912.144,7.132089,1442.576,8.513264745599999,3.504944,1.806123168,49.67795,34.5684,37.15091,28.2807,48.85706,0.7542406,0.006350990885066124,54.22058,0,N
2018-12-03 00:00:00+00:00,0.989261839,1.001542584,0.0026091908571428254,1391486.5,407770.8,983714.4495,481565.94,909919.56,8260.846,901658.5282,399510.03,82055.92138,1566137.6666666667,461905.77333333343,1104230.7459333334,545604.9333333332,1020532.0333333332,9194.518833333334,1011337.0257,452711.29,92893.72015000002,13.914209195411097,12.304097546792608,0.6568652765117934,274.3764102448252,288.56594559013786,2.2098480930249282,134.91659275235503,0.0,09537500,2912.144,7.132089,1442.576,8.513264745599999,3.504944,1.806123168,49.67795,34.5684,37.15091,28.2807,48.85706,0.7542406,0.006350990885066124,54.22058,0,N
2018-12-17 00:00:00+00:00,0.994095603,1.001182791,0.0,2042897.1,518844.62,1524051.645,657336.2,1385561.1,10994.231,1374565.679,507850.44,149485.9657,1414405.9500000002,411853.34666666674,1002551.4117666668,513263.06666666665,901142.5933333333,11775.082,889366.6423000001,400078.3033333332,113184.76939333335,18.583371695936872,13.851887428342602,0.7250827098629283,272.8156209506995,287.5802503472044,2.2783656335758637,136.13881034983214,0.0,09537500,2912.144,7.132089,1442.576,8.513264745599999,3.504944,1.806123168,49.67795,34.5684,37.15091,28.2807,48.85706,0.7542406,0.006350990885066124,54.22058,0,N
2019-01-01 00:00:00+00:00,0.991361717,1.001253911,2.0226285714254118e-05,808834.25,308944.62,499888.1408,400887.06,407947.12,16070.169,391875.7197,292874.44,108012.4211,1451380.1500000001,458361.0466666667,993017.8554000001,562331.62,889048.3066666665,13790.464666666667,875256.9282,444570.60666666663,117760.92708666669,24.135011718832857,23.965762672396856,0.396548246460431,272.0536700971035,285.2295457431663,1.6345778398208777,115.63157924669828,0.5499330377528715,09537500,2912.144,7.132089,1442.576,8.513264745599999,3.504944,1.806123168,49.67795,34.5684,37.15091,28.2807,48.85706,0.7542406,0.006350990885066124,54.22058,0,N
2019-01-15 00:00:00+00:00,0.996666265,1.000759225,0.0,1502409.1,547293.9,955113.7804,628771.6,873636.7,14306.994,859329.3859,532986.94,95784.39446,1592943.2833333332,412361.88000000006,1180580.4480666667,526516.7533333333,1066426.4066666665,13502.07,1052923.7168666667,398859.8266666666,127656.73095333336,-7.993605777301127e-15,0.0,0.8430628527784126,271.93653469413783,290.18205439981796,2.8418659334992817,170.14947878441467,0.0,09537500,2912.144,7.132089,1442.576,8.513264745599999,3.504944,1.806123168,49.67795,34.5684,37.15091,28.2807,48.85706,0.7542406,0.006350990885066124,54.22058,0,N
2019-01-29 00:00:00+00:00,0.988721451,1.001036706,0.0,2467586.5,380847.12,2086739.423,549891.6,1917695.4,10129.047,1907566.045,370718.1,179173.3773,1744507.2333333332,434659.22666666674,1309847.4417,560789.4666666667,1183717.7333333332,10678.91,1173038.5299,423980.3266666666,136808.91152,7.124437670035112,5.99835161747503,0.6709906635097681,275.0540344354287,288.6254412808134,2.7063716333315,135.80439224600514,0.0,09537500,2912.144,7.132089,1442.576,8.513264745599999,3.504944,1.806123168,49.67795,34.5684,37.15091,28.2807,48.85706,0.7542406,0.006350990885066124,54.22058,0,N
2019-02-12 00:00:00+00:00,0.889180192,1.000953345,0.0,1263526.1,375836.66,887689.1217,503705.2,759821.1,7600.689,752220.1588,368235.94,135468.9628,1559356.7,333277.5733333334,1226078.9177333335,439771.45333333337,1119585.3666666665,8256.729666666668,1111328.4398666667,325020.8399999999,114750.47761333337,25.505138525912272,21.57031553676492,0.6457444196627781,271.4434141769282,286.74477907365866,2.9277133192867373,176.10103983829413,0.0,09537500,2912.144,7.132089,1442.576,8.513264745599999,3.504944,1.806123168,49.67795,34.5684,37.15091,28.2807,48.85706,0.7542406,0.006350990885066124,54.22058,0,N
2019-02-26 00:00:00+00:00,0.999490974,1.001576161,0.0,946957.5,243148.94,703808.2085,265717.56,681239.6,7040.453,674199.1158,236108.48,29609.09274,1079227.9333333333,301600.9333333334,777626.7604333335,368757.02,710470.8666666666,6573.713333333333,703897.0647999999,295027.2066666666,73729.69562333335,23.65500700226345,15.827492903143446,1.142729341351015,276.2981279211514,294.93924469740233,4.366744913901757,207.02855697483795,0.0,09537500,2912.144,7.132089,1442.576,8.513264745599999,3.504944,1.806123168,49.67795,34.5684,37.15091,28.2807,48.85706,0.7542406,0.006350990885066124,54.22058,0,N
2019-03-12 00:00:00+00:00,0.983573947,1.001581291,0.01221667657142854,1027200.2,285817.2,741382.9511,336848.3,690351.9,5079.998,685271.9198,280737.2,56111.03133,960704.0466666665,248770.67333333343,711933.2006333334,292874.5666666667,667829.3333333331,5741.568666666666,662087.7301666667,243029.09333333327,49845.470510000014,10.49278589154834,23.28751861791661,0.9704805053807934,275.8117278052877,291.93635216087915,4.171261386398088,242.37475780460542,0.0,09537500,2912.144,7.132089,1442.576,8.513264745599999,3.504944,1.806123168,49.67795,34.5684,37.15091,28.2807,48.85706,0.7542406,0.006350990885066124,54.22058,0,N
2019-03-26 00:00:00+00:00,1.001162272,1.001690185,0.0,907954.44,217345.88,690608.4423,276057.84,631896.5,5104.255,626792.1549,212241.6,63816.28746,999006.3799999999,237724.41333333342,761281.9660666669,311518.98000000004,687487.4666666664,5103.575,682383.8463333333,232620.82999999993,78898.11976333335,-7.105427357601002e-15,-3.552713678800501e-15,1.5592419112021667,278.79089898615683,297.62352354690404,5.804628031414922,273.3432037012255,0.0,09537500,2912.144,7.132089,1442.576,8.513264745599999,3.504944,1.806123168,49.67795,34.5684,37.15091,28.2807,48.85706,0.7542406,0.006350990885066124,54.22058,0,N
2019-04-09 00:00:00+00:00,0.934312693,1.001790684,0.0,1061864.5,210010.16,851854.5048,321650.8,740214.0,5126.472,735087.4643,204883.69,116767.0405,999360.7799999999,217659.29333333342,781701.4638000001,347863.48000000004,651497.4333333332,4874.186666666666,646623.1020333334,212785.09666666656,135078.36178666668,8.447021232412572,7.54595874841544,1.5447083943902964,278.9272297312178,296.73118586326154,6.399519016682284,299.86824899158137,0.0,09537500,2912.144,7.132089,1442.576,8.513264745599999,3.504944,1.806123168,49.67795,34.5684,37.15091,28.2807,48.85706,0.7542406,0.006350990885066124,54.22058,0,N
2019-04-23 00:00:00+00:00,1.001067952,1.001786837,0.0,1028263.4,225621.84,802641.4443,445881.8,582381.8,4391.833,577989.6869,221230.0,224651.7574,875751.32,162040.88533333343,713710.4338666667,278949.86133333336,596801.6333333332,4137.3165,592664.1786000001,157903.5686666666,121046.25528333335,0.172441654496672,-3.552713678800501e-15,1.9793750869019864,281.51057420672663,300.96552258106647,6.822219889615193,313.0770037892825,0.0,09537500,2912.144,7.132089,1442.576,8.513264745599999,3.504944,1.806123168,49.67795,34.5684,37.15091,28.2807,48.85706,0.7542406,0.006350990885066124,54.22058,0,N
2019-05-07 00:00:00+00:00,1.001576861,1.00182193,0.0,537126.06,50490.656,486635.3525,69316.984,467809.1,2893.6445,464915.3846,47597.016,21719.96795,1106463.8866666667,134571.4220000001,971892.3739333334,238014.7346666667,868449.1333333332,3733.6643666666664,864715.4274999999,130837.75866666656,107176.94648666668,6.9107217071590386,6.254134605848993,1.5230033893600685,281.2302162449208,297.97800625556135,6.571189472769665,318.41854891009234,0.0,09537500,2912.144,7.132089,1442.576,8.513264745599999,3.504944,1.806123168,49.67795,34.5684,37.15091,28.2807,48.85706,0.7542406,0.006350990885066124,54.22058,0,N
2019-05-21 00:00:00+00:00,1.001581758,1.001883606,0.0,1754002.2,127601.77,1626400.325,198845.42,1555156.5,3915.5156,1551241.211,123686.26,75159.11411,1203893.4200000002,102882.39200000007,1101010.8541666667,154728.61800000005,1049164.5999999999,3486.6347333333338,1045678.0005333332,99395.76199999992,55332.85353,0.0021804240485644947,-3.552713678800501e-15,1.9002936480919899,282.0921723557642,301.22522115514784,7.8302090906415796,345.8320982546401,0.0,09537500,2912.144,7.132089,1442.576,8.513264745599999,3.504944,1.806123168,49.67795,34.5684,37.15091,28.2807,48.85706,0.7542406,0.006350990885066124,54.22058,0,N
2019-06-04 00:00:00+00:00,1.001670715,1.001893282,0.0,1320552.0,130554.75,1189996.885,196023.45,1124528.2,3650.7441,1120877.406,126904.01,69119.47853,1312216.5,125751.75133333339,1186464.5061333335,186046.19000000006,1126170.0333333332,3909.5527,1122260.5193999999,121842.1999999999,64203.98662,0.34829078108805006,0.26024855010889486,2.6832142452630103,287.0865601890385,306.25423894786906,8.249063289192202,334.11723823640926,0.0,09537500,2912.144,7.132089,1442.576,8.513264745599999,3.504944,1.806123168,49.67795,34.5684,37.15091,28.2807,48.85706,0.7542406,0.006350990885066124,54.22058,0,N
2019-06-18 00:00:00+00:00,1.001757807,1.001902726,0.0,862095.3,119098.734,742996.3084,163269.7,698825.4,4162.3984,694662.9412,114936.33,48333.36722,845080.4666666667,114128.68800000008,730951.5533000001,157968.98000000004,687111.3133333331,3476.185833333333,683635.0655,110652.4999999999,47316.48763666668,3.042857559673456,0.9789411371400211,3.0201373611330444,288.74359288617154,307.8025856160402,8.312541401400663,333.34795384245365,0.0,09537500,2912.144,7.132089,1442.576,8.513264745599999,3.504944,1.806123168,49.67795,34.5684,37.15091,28.2807,48.85706,0.7542406,0.006350990885066124,54.22058,0,N
2019-07-02 00:00:00+00:00,1.001268368,1.001911121,-3.172065784643304e-17,352594.1,92732.58,259861.4665,114613.79,237980.34,2615.415,235364.8493,90117.16,24496.61716,544272.8666666667,86844.57133333341,457428.22890000016,122409.65333333336,421863.20666666655,2863.3318,418999.8292333333,83981.23666666658,38428.39964666668,12.533228554371592,13.909566547465342,2.6958124559848726,290.5831859042127,307.80340766397904,7.1312575586890175,295.16698239212565,0.0,09537500,2912.144,7.132089,1442.576,8.513264745599999,3.504944,1.806123168,49.67795,34.5684,37.15091,28.2807,48.85706,0.7542406,0.006350990885066124,54.22058,0,N
2019-07-16 00:00:00+00:00,0.998853351,1.001968832,0.010456989714285683,418129.2,48702.4,369426.9118,89345.47,328783.88,1812.182,326971.6972,46890.22,42455.21456,524634.7333333333,123802.92000000009,400831.8681333335,156992.66000000003,367642.20666666655,2852.4132000000004,364789.7472333333,120950.50666666658,36042.12086666667,35.82621650472496,33.96049578886781,2.3785753908683587,292.0602874210669,307.8839564466235,7.29770238085555,278.7593598783219,0.0,09537500,2912.144,7.132089,1442.576,8.513264745599999,3.504944,1.806123168,49.67795,34.5684,37.15091,28.2807,48.85706,0.7542406,0.006350990885066124,54.22058,0,N
2019-07-30 00:00:00+00:00,0.999880147,1.001892,0.2307212411428571,803180.9,229973.78,573207.2261,267018.72,536162.4,4129.6426,532032.6952,225844.14,41174.53088,817339.0,240511.20666666675,576827.9344333335,350868.48000000004,466470.6933333332,4002.6856666666667,462467.99539999996,236508.51999999993,114359.93901333334,32.64370474538095,40.4390289346839,1.6835265194329254,291.49780476892005,305.07297180817784,5.822965056311331,269.2325453189913,0.0,09537500,2912.144,7.132089,1442.576,8.513264745599999,3.504944,1.806123168,49.67795,34.5684,37.15091,28.2807,48.85706,0.7542406,0.006350990885066124,54.22058,0,N
2019-08-13 00:00:00+00:00,1.001306609,1.001884305,0.7540763840000001,1230706.9,442857.44,787849.6654,696241.25,534465.8,6066.2324,528399.5938,436791.2,259450.0716,1198911.2333333332,420626.6733333334,778284.3972333334,618236.3433333334,580674.8333333333,5378.955666666666,575295.7945666666,415247.7466666666,202988.60266,20.148054032666693,14.438241251842673,2.3571839838997612,291.13977244237714,307.6915310694791,6.7616473117455005,281.9259292899254,0.0,09537500,2912.144,7.132089,1442.576,8.513264745599999,3.504944,1.806123168,49.67795,34.5684,37.15091,28.2807,48.85706,0.7542406,0.006350990885066124,54.22058,0,N
2019-08-27 00:00:00+00:00,1.000232128,1.001875095,0.2037191497142857,1562845.9,589048.8,973796.3002,891449.06,671396.3,5940.992,665455.0947,583107.9,308341.2055,1243682.9133333333,479788.6633333334,763894.0460000002,733781.1033333335,509901.7833333332,5273.2242,504628.4564,474515.46666666656,259265.58956666672,23.21694959267819,32.16217367422351,2.0622274380626666,290.71398615288274,306.612525160654,5.878495027812382,254.02711869401986,0.0,09537500,2912.144,7.132089,1442.576,8.513264745599999,3.504944,1.806123168,49.67795,34.5684,37.15091,28.2807,48.85706,0.7542406,0.006350990885066124,54.22058,0,N
2019-09-10 00:00:00+00:00,1.001291918,1.001903076,0.16336770971428574,937495.94,407459.75,530036.1724,613653.0,323843.25,3812.4482,320030.6807,403647.3,210005.4916,1351752.1466666667,586660.8166666668,765091.0690000001,801055.5200000001,550696.5999999999,4686.490966666667,546009.9559333333,581974.3333333333,219081.11303333333,23.92291838344137,26.960980056156657,1.4869237095774042,287.9962508756917,302.70630095404846,5.148315102510126,237.87029123488315,0.0,09537500,2912.144,7.132089,1442.576,8.513264745599999,3.504944,1.806123168,49.67795,34.5684,37.15091,28.2807,48.85706,0.7542406,0.006350990885066124,54.22058,0,N
2019-09-24 00:00:00+00:00,1.001199114,1.001895148,0.4162771862857143,1554914.6,763473.9,791440.7344,898064.5,656850.25,4306.0327,652544.0924,759167.8,138896.642,1326135.3800000001,604821.4166666667,721313.9264333335,827190.4800000001,498945.1999999999,4653.228166666667,494291.8409666666,600168.1666666665,227022.08543333333,44.45777243766722,40.385539324471225,1.2643597496810624,284.73179291451606,299.96189369150954,4.354832920131987,222.78966645511784,0.0,09537500,2912.144,7.132089,1442.576,8.513264745599999,3.504944,1.806123168,49.67795,34.5684,37.15091,28.2807,48.85706,0.7542406,0.006350990885066124,54.22058,0,N
2019-10-08 00:00:00+00:00,1.001259857,1.001913336,0.0,1485995.6,643530.6,842464.8725,969853.94,516142.1,5841.2036,510300.7498,637689.4,332164.1227,1287234.6333333335,596243.8433333334,690990.6077333335,766520.5,520714.16999999987,4987.278300000001,515726.7817,591256.5466666666,175263.82603333335,0.0603306632444674,-7.105427357601002e-15,1.459599697434998,281.6618401329937,299.6557251030591,4.974576270407122,224.65487482960802,0.0,09537500,2912.144,7.132089,1442.576,8.513264745599999,3.504944,1.806123168,49.67795,34.5684,37.15091,28.2807,48.85706,0.7542406,0.006350990885066124,54.22058,0,N
2019-10-22 00:00:00+00:00,1.00149933,1.001953559,0.0,820793.7,381727.03,439066.2163,431643.06,389150.16,4814.5986,384335.5029,376912.44,54730.7134,933932.0800000001,443526.2633333334,490405.5790333335,575646.6766666668,358285.39999999985,5913.726733333334,352371.59023333335,437612.54,138033.98881333336,-7.105427357601002e-15,-7.105427357601002e-15,1.4184468976815747,276.8084724061877,296.3841848166416,4.3481683843116015,197.43193959929178,0.0,09537500,2912.144,7.132089,1442.576,8.513264745599999,3.504944,1.806123168,49.67795,34.5684,37.15091,28.2807,48.85706,0.7542406,0.006350990885066124,54.22058,0,N
2019-11-05 00:00:00+00:00,1.001452578,1.0019911,0.0,495006.94,305321.16,189685.6483,325443.03,169563.94,7085.378,162478.518,298235.78,27207.13034,1072336.68,525628.93,546707.2308666668,627154.0300000001,445182.23333333316,6994.873199999999,438187.2638333333,518634.07333333325,108519.96714666668,2.423793530649027,0.6495648552475888,1.0803355591165877,278.5767368620676,295.4687597413836,3.0686774336281233,160.57213576314672,0.0,09537500,2912.144,7.132089,1442.576,8.513264745599999,3.504944,1.806123168,49.67795,34.5684,37.15091,28.2807,48.85706,0.7542406,0.006350990885066124,54.22058,0,N
2019-11-19 00:00:00+00:00,1.0013199,1.002003925,1.9853110742857143,1901209.4,889838.6,1011369.828,1124376.0,776832.6,9084.643,767747.7706,880754.0,243622.0577,1829057.7133333331,995287.4533333335,833771.0121000003,1182602.61,646455.8266666665,13109.972333333333,633345.4784333333,982177.46,200425.53391333335,120.8363967627458,137.30877937364002,0.5209356405853922,276.4190405319211,288.03258017846423,2.1640473949378625,121.90719975040531,0.0,09537500,2912.144,7.132089,1442.576,8.513264745599999,3.504944,1.806123168,49.67795,34.5684,37.15091,28.2807,48.85706,0.7542406,0.006350990885066124,54.22058,0,N
2019-12-03 00:00:00+00:00,1.000265472,1.002013952,0.06658493257142857,3090956.8,1790702.6,1300257.56,2097988.8,992970.94,23159.896,969810.1467,1767542.6,330447.4137,2151590.9,1171171.7666666666,980419.7924666669,1375034.2333333334,776557.4799999999,16493.443,760063.5678,1154678.2999999998,220356.22492000004,22.30822650089926,23.661787242648487,0.6663991915760441,275.52957922392454,290.09639925735934,2.0756700610501726,129.13840692298217,0.0,09537500,2912.144,7.132089,1442.576,8.513264745599999,3.504944,1.806123168,49.67795,34.5684,37.15091,28.2807,48.85706,0.7542406,0.006350990885066124,54.22058,0,N
2019-12-17 00:00:00+00:00,1.000909391,1.001979908,0.007766893714285715,1462606.5,832974.1,629631.9894,902737.9,559868.9,17235.79,542632.7861,815738.3,86999.20336,2121497.7666666666,1249683.9666666668,871814.3389333334,1391822.1,729676.7133333333,18534.198999999997,711141.7790333334,1231149.9,160672.56003000002,22.037489833276766,24.497758764379025,0.5169971457637434,271.4484839676093,285.147052135572,2.0742603524251573,129.3355676784113,0.0,09537500,2912.144,7.132089,1442.576,8.513264745599999,3.504944,1.806123168,49.67795,34.5684,37.15091,28.2807,48.85706,0.7542406,0.006350990885066124,54.22058,0,N
2020-01-01 00:00:00+00:00,1.000880244,1.001946797,4.0452571428571424e-05,1810930.0,1125375.2,685553.4674,1174739.6,636190.3,15206.911,620982.4043,1110168.8,64571.06303,1576523.7666666666,1001081.1,575441.5797000001,1056399.5000000002,520123.80666666647,14474.979333333331,505648.3766,986606.2833333332,69793.20309666671,4.486721746018841,3.7915260448904897,0.7810238408066663,270.7565440556899,289.28869410474033,2.5548561899605646,155.88048055557906,0.0,09537500,2912.144,7.132089,1442.576,8.513264745599999,3.504944,1.806123168,49.67795,34.5684,37.15091,28.2807,48.85706,0.7542406,0.006350990885066124,54.22058,0,N
2020-01-15 00:00:00+00:00,1.000973981,1.001884072,2.0226285714285712e-05,1456034.8,1044894.0,411139.2823,1091721.0,364312.22,10982.237,353329.9394,1033911.75,57809.3429,1674041.4000000001,1059501.8666666667,614538.2889000002,1111174.6666666667,562866.1066666666,11939.093333333332,550926.5866333334,1047562.9833333334,63611.70225333337,10.586243489546504,10.96795090308164,0.7174947069351302,275.06813920162773,290.637471493233,2.450853946108399,150.8263243271963,0.0,09537500,2912.144,7.132089,1442.576,8.513264745599999,3.504944,1.806123168,49.67795,34.5684,37.15091,28.2807,48.85706,0.7542406,0.006350990885066124,54.22058,0,N
2020-01-29 00:00:00+00:00,1.000718186,1.00183662,4.0452571428571424e-05,1755159.4,1008236.4,746922.117,1067063.4,688095.8,9628.132,678467.4162,998608.4,68454.70083,1530182.7333333334,1005495.1000000001,524686.493366667,1056572.4866666668,473609.4333333332,9834.137666666664,463775.14246666664,995660.9666666667,60911.350923333375,19.19180572395493,17.25331980855532,0.7938424033641729,272.623237985103,289.09644223038475,3.124511936408836,161.4269996362584,0.0,09537500,2912.144,7.132089,1442.576,8.513264745599999,3.504944,1.806123168,49.67795,34.5684,37.15091,28.2807,48.85706,0.7542406,0.006350990885066124,54.22058,0,N
2020-02-12 00:00:00+00:00,1.00105058,1.001802227,6.0678857142857136e-05,1379354.0,963354.9,415998.0808,1010933.06,368420.28,8892.044,359528.0718,954462.75,56470.00904,1462367.0666666667,934970.3500000001,527396.0805000002,984729.4533333335,477637.2133333332,7848.185333333331,469788.87926666666,927122.1499999999,57607.20125333337,7.041156804218354,4.42511030919762,0.8028124967534171,275.06099556755765,291.1262036048378,3.06369822944128,184.8230328010941,0.0,09537500,2912.144,7.132089,1442.576,8.513264745599999,3.504944,1.806123168,49.67795,34.5684,37.15091,28.2807,48.85706,0.7542406,0.006350990885066124,54.22058,0,N
2020-02-26 00:00:00+00:00,1.001332958,1.001788819,0.02289615542857143,1252587.8,833319.75,419268.0437,876191.9,376395.56,5024.38,371371.1498,828295.3,47896.89389,1410219.0999999999,913933.5300000001,496285.4389000002,992970.7866666667,417248.45666666655,8609.218666666666,408639.16846666666,905324.2666666666,87646.27044333337,35.62488436431026,38.542781399138725,0.9660654159017612,277.31518606535604,292.2592581847137,4.056754359791316,197.3204587058345,0.0,09537500,2912.144,7.132089,1442.576,8.513264745599999,3.504944,1.806123168,49.67795,34.5684,37.15091,28.2807,48.85706,0.7542406,0.006350990885066124,54.22058,0,N
2020-03-11 00:00:00+00:00,0.999921886,1.001866351,0.04902851657142857,1598715.5,945125.94,653590.1922,1091787.4,506929.53,11911.232,495018.2838,933214.75,158571.9084,1439255.5999999999,855277.9166666666,583977.9484000002,970463.9533333335,468792.18666666653,8701.591333333332,460090.5487,846576.35,123887.3996966667,20.713342127417256,22.48619072359015,0.9416436589207139,278.08981580647634,293.2173118170935,4.242284233298294,229.25205144867616,0.0,09537500,2912.144,7.132089,1442.576,8.513264745599999,3.504944,1.806123168,49.67795,34.5684,37.15091,28.2807,48.85706,0.7542406,0.006350990885066124,54.22058,0,N
2020-03-25 00:00:00+00:00,1.000427297,1.00192721,0.0017192342857142856,1466463.5,787388.06,679075.6093,943412.56,523051.47,9169.162,513882.2125,778219.0,165193.3968,1321197.1333333333,746479.2933333335,574718.1420333335,869714.3400000002,451483.53333333315,9170.418133333333,442313.07526666665,737308.9166666665,132405.06678333334,0.5427019746492592,0.32591313013214246,1.3876559335667378,277.6641418627609,295.9194633337228,5.655997076163944,264.7258256951635,0.0,09537500,2912.144,7.132089,1442.576,8.513264745599999,3.504944,1.806123168,49.67795,34.5684,37.15091,28.2807,48.85706,0.7542406,0.006350990885066124,54.22058,0,N
2020-04-08 00:00:00+00:00,1.001469949,1.001934671,0.0,898412.4,506923.88,391488.6246,573943.06,324469.6,6430.8604,318038.7295,500493.0,73449.89515,1231658.1666666667,509385.0800000001,722273.0206333334,658943.1666666669,572715.2566666665,6720.651466666665,565994.4688666667,502664.4533333332,156278.55185000005,0.3691678195446715,0.1828740036812726,1.4408436403556018,277.92867302225665,296.7739291392194,6.218489861100194,308.34663211519717,0.0,09537500,2912.144,7.132089,1442.576,8.513264745599999,3.504944,1.806123168,49.67795,34.5684,37.15091,28.2807,48.85706,0.7542406,0.006350990885066124,54.22058,0,N
2020-04-22 00:00:00+00:00,1.001599479,1.001952509,0.0,1330098.6,233843.3,1096254.828,459473.88,870624.7,4561.932,866062.4646,229281.36,230192.3636,1011229.2000000001,259164.7943333334,752064.1948,432661.73000000016,578567.5999999997,5121.148133333332,573446.2137666667,254043.63833333328,178617.98111666672,0.0,-7.105427357601002e-15,2.6116431782587988,284.2104300574486,305.3602548741484,7.775031354638421,327.74808329075523,0.0,09537500,2912.144,7.132089,1442.576,8.513264745599999,3.504944,1.806123168,49.67795,34.5684,37.15091,28.2807,48.85706,0.7542406,0.006350990885066124,54.22058,0,N
2020-05-06 00:00:00+00:00,1.001647047,1.001946913,0.0,805176.6,36727.203,768449.1318,264568.25,540608.5,4370.652,536237.4472,32356.555,232211.6846,932837.65,96720.75100000006,836116.5046333335,291023.23000000016,641814.3166666665,3990.733233333332,637823.3552666666,92730.01599999993,198293.1494333334,0.0013470754458533,-7.105427357601002e-15,2.4605085500699704,284.4320935619613,304.5818069752485,7.879535842630341,329.4623920527401,0.0,09537500,2912.144,7.132089,1442.576,8.513264745599999,3.504944,1.806123168,49.67795,34.5684,37.15091,28.2807,48.85706,0.7542406,0.006350990885066124,54.22058,0,N
2020-05-20 00:00:00+00:00,1.001699512,1.001921963,0.0,663237.75,19591.75,643645.5541,149027.56,514209.75,3039.6157,511170.154,16552.133,132475.4001,998874.4166666666,41575.37100000008,957298.5519666667,208295.27000000016,790578.8166666664,3679.7610333333323,786898.9007333334,37895.60699999992,170399.65123333337,2.3648489142447557,3.216398476091323,2.7434575158075245,286.2543078522002,305.98347254315104,8.005825425174772,344.00065294483323,0.0,09537500,2912.144,7.132089,1442.576,8.513264745599999,3.504944,1.806123168,49.67795,34.5684,37.15091,28.2807,48.85706,0.7542406,0.006350990885066124,54.22058,0,N
2020-06-03 00:00:00+00:00,1.001614985,1.001889202,0.0,1528208.9,68407.16,1459800.97,211290.0,1316918.2,3629.0154,1313289.101,64778.133,146511.869,1419988.4166666667,52465.760000000075,1367522.3847,186427.3266666668,1233560.6499999997,3535.2827999999986,1230025.484,48930.475333333256,137496.9005666667,3.684810409075046,3.1309168018165505,2.987263457631722,289.344242970969,307.7227031248927,8.479209586984387,331.5936608711765,0.0,09537500,2912.144,7.132089,1442.576,8.513264745599999,3.504944,1.806123168,49.67795,34.5684,37.15091,28.2807,48.85706,0.7542406,0.006350990885066124,54.22058,0,N
2020-06-17 00:00:00+00:00,1.001623846,1.001895264,0.017960941714285715,2068518.6,69398.37,1999120.63,198964.42,1869554.0,3937.2173,1865617.197,65461.16,133503.4326,1454971.9666666668,54760.49766666674,1400211.3466,182201.15666666682,1272770.4999999998,3740.853233333332,1269029.7815,51019.64199999993,131181.56493333337,4.484043029148779,6.336172135220158,3.129848378744095,290.1691630667111,308.10864319884644,9.072021803607575,334.397595135799,0.0,09537500,2912.144,7.132089,1442.576,8.513264745599999,3.504944,1.806123168,49.67795,34.5684,37.15091,28.2807,48.85706,0.7542406,0.006350990885066124,54.22058,0,N
2020-07-01 00:00:00+00:00,1.001249364,1.001889435,0.0008899565714285714,768188.4,26475.963,741712.4398,136349.05,631839.3,3656.327,628183.0465,22819.633,113529.3932,1027963.2999999999,39416.78366666674,988546.6256666668,129309.61766666682,898653.6066666666,3379.477833333332,895274.2652333333,36037.30666666659,93272.36026666673,4.047134038162973,3.670233618686348,2.9370927118897368,292.1084959194948,309.83811963370584,8.128995769205087,282.41977781600553,0.0,09537500,2912.144,7.132089,1442.576,8.513264745599999,3.504944,1.806123168,49.67795,34.5684,37.15091,28.2807,48.85706,0.7542406,0.006350990885066124,54.22058,0,N
2020-07-15 00:00:00+00:00,1.000561374,1.001916367,0.009182733714285712,247182.9,22376.018,224806.8072,52615.383,194567.52,2544.8892,192022.5522,19831.127,32784.255,583564.3666666667,34483.518333333406,549080.7346666668,133322.72100000017,450241.53999999986,3149.6289666666657,447091.9131666667,31333.88866666659,101988.82146666672,38.095921752921974,43.45671343036763,2.1498746533832995,291.84262133959356,306.00120480795346,6.054803966308891,246.5679244573915,0.0,09537500,2912.144,7.132089,1442.576,8.513264745599999,3.504944,1.806123168,49.67795,34.5684,37.15091,28.2807,48.85706,0.7542406,0.006350990885066124,54.22058,0,N
2020-07-29 00:00:00+00:00,1.001495832,1.001895731,0.009850201142857142,735321.8,54598.574,680722.957,211003.73,524317.8,3247.6707,521070.1408,51350.906,159652.8162,470863.38999999996,40612.64666666675,430250.58390000014,135964.0443333335,334899.2399999999,3122.8972333333318,331776.3132333334,37489.74933333325,98474.27063333338,10.96630495626853,6.612724132258361,2.8107252131691696,292.29764216941913,309.62033398367345,7.490246256026366,289.99260211801135,0.0,09537500,2912.144,7.132089,1442.576,8.513264745599999,3.504944,1.806123168,49.67795,34.5684,37.15091,28.2807,48.85706,0.7542406,0.006350990885066124,54.22058,0,N
2020-08-12 00:00:00+00:00,1.001553893,1.001872646,0.0,430085.47,44863.348,385221.9875,144273.02,285812.4,3576.1318,282236.2467,41287.215,102985.7407,577840.7566666667,85685.84400000008,492154.7095000001,224526.97000000012,353313.71666666656,4545.150833333332,348768.5055,81140.68699999992,143386.20400000006,16.893485323170196,6.966302332238014,2.7614782990283007,292.65886743253395,309.9000468312499,6.888093730012984,274.483010515684,0.0,09537500,2912.144,7.132089,1442.576,8.513264745599999,3.504944,1.806123168,49.67795,34.5684,37.15091,28.2807,48.85706,0.7542406,0.006350990885066124,54.22058,0,N
2020-08-26 00:00:00+00:00,1.001101762,1.001871714,0.0,568115.0,157595.61,410519.184,318304.16,249810.95,6811.65,242999.129,150783.94,167520.0551,561361.39,144332.6693333334,417028.39076666674,284556.1533333335,276805.1166666665,6272.956599999998,270532.04990000004,138059.70166666657,146496.34086666672,16.98685342664971,14.670728285632865,2.1839516664354983,290.7691091232095,306.6673051302581,6.539936556413659,249.39082953901615,0.0,09537500,2912.144,7.132089,1442.576,8.513264745599999,3.504944,1.806123168,49.67795,34.5684,37.15091,28.2807,48.85706,0.7542406,0.006350990885066124,54.22058,0,N
2020-09-09 00:00:00+00:00,1.000287274,1.001865651,0.0,685883.7,230539.05,455344.0008,391091.28,294792.0,8431.088,286360.774,222107.95,168983.2268,507742.9533333333,137430.3640000001,370312.26313333336,256463.05333333346,251279.77666666653,5972.3692999999985,245307.28000000006,131457.98333333325,125004.98319000006,1.5244459197263192,0.9112953565674001,1.8804122891122355,286.1306094263829,303.2004062529651,5.560724122766855,257.5621109374244,0.0,09537500,2912.144,7.132089,1442.576,8.513264745599999,3.504944,1.806123168,49.67795,34.5684,37.15091,28.2807,48.85706,0.7542406,0.006350990885066124,54.22058,0,N
2020-09-23 00:00:00+00:00,1.001413171,1.001831257,0.0,269230.16,24156.432,245073.6046,59993.72,209236.38,2674.3699,206561.937,21482.06,38511.66767,412043.87999999995,101260.88200000009,310782.6798000001,176168.27333333352,235875.3966666665,4490.204866666664,231385.11810000008,96770.67133333326,79397.56174666672,0.0,-7.105427357601002e-15,2.6548320969038666,285.9512229789539,305.8625759399253,6.158193661789071,246.30850282987936,0.0,09537500,2912.144,7.132089,1442.576,8.513264745599999,3.504944,1.806123168,49.67795,34.5684,37.15091,28.2807,48.85706,0.7542406,0.006350990885066124,54.22058,0,N
2020-10-07 00:00:00+00:00,1.001565086,1.001910188,0.0,281017.78,49087.164,231930.434,77419.82,203597.81,2365.1567,201232.6433,46722.004,30697.79077,296644.26,42482.94200000009,254161.13933333338,67307.67233333348,229336.48999999985,2371.0129333333316,226965.3953333334,40111.92799999992,27195.74405000005,0.0,-7.105427357601002e-15,2.4617481150094256,283.9709860958669,304.21914917178555,5.618529972646245,229.11266963121057,0.0,09537500,2912.144,7.132089,1442.576,8.513264745599999,3.504944,1.806123168,49.67795,34.5684,37.15091,28.2807,48.85706,0.7542406,0.006350990885066124,54.22058,0,N
2020-10-21 00:00:00+00:00,1.001605658,1.001926977,0.0,339684.84,54205.23,285479.3794,64509.477,275175.28,2073.5122,273101.6057,52131.72,12377.77371,354152.55000000005,61005.70466666675,293146.63513333345,83739.43766666682,270412.9899999998,2993.402166666665,267419.5069333334,58012.30133333325,25727.12824000005,1.5740381581796692,0.6586325485148425,1.548649610679934,279.81887250910466,297.25608655861305,4.473455512490905,185.44550689009552,0.0,09537500,2912.144,7.132089,1442.576,8.513264745599999,3.504944,1.806123168,49.67795,34.5684,37.15091,28.2807,48.85706,0.7542406,0.006350990885066124,54.22058,0,N
2020-11-04 00:00:00+00:00,1.001454793,1.00194155,0.0,441755.03,79724.72,362030.092,109289.016,332465.88,4541.5376,327924.2718,75183.18,34105.82024,431303.05000000005,79110.51333333342,352192.27700000006,102694.42433333349,328608.4533333332,3984.0917999999983,324624.2723666667,75126.42333333325,27568.00466000005,3.318530979451977,1.3510297053530038,1.4071040662261087,278.400212643275,295.82270162814837,4.045367077366971,169.4604375931684,0.0,09537500,2912.144,7.132089,1442.576,8.513264745599999,3.504944,1.806123168,49.67795,34.5684,37.15091,28.2807,48.85706,0.7542406,0.006350990885066124,54.22058,0,N
2020-11-18 00:00:00+00:00,1.001296465,1.001934905,0.0,512469.28,103401.59,409067.3596,134284.78,378184.2,5337.2256,372846.9396,98064.37,36220.42003,567980.27,89279.71666666675,478700.14033333334,120385.84866666682,447594.17333333316,4684.406266666664,442909.60620000004,84595.30999999992,35790.53416333339,0.0,-7.105427357601002e-15,1.2780177371671808,275.72886859671246,294.6074231686145,3.44952008443014,161.69261816593036,0.0,09537500,2912.144,7.132089,1442.576,8.513264745599999,3.504944,1.806123168,49.67795,34.5684,37.15091,28.2807,48.85706,0.7542406,0.006350990885066124,54.22058,0,N
2020-12-02 00:00:00+00:00,1.001508074,1.00196685,0.0,749716.5,84712.84,665002.9694,117583.75,632132.44,4174.4556,627957.6072,80538.38,37045.36222,562845.8733333334,114190.72666666676,448654.80100000015,158133.55000000013,404712.0933333331,5418.413066666665,399293.53256666666,108772.3166666666,49361.26846000005,13.982896033526005,16.237106030714997,0.8138885544055299,271.9545190182929,288.29842916845024,2.806994331335846,154.8806682382636,0.0,09537500,2912.144,7.132089,1442.576,8.513264745599999,3.504944,1.806123168,49.67795,34.5684,37.15091,28.2807,48.85706,0.7542406,0.006350990885066124,54.22058,0,N
2020-12-16 00:00:00+00:00,1.000893302,1.00194703,0.0,426351.84,154457.75,271894.074,222532.12,203819.64,6743.558,197076.0509,147714.2,74818.02313,759779.4133333334,113536.60800000008,646242.2864666667,153920.41500000015,605858.6266666665,4826.273266666664,601032.1834666667,108710.33999999992,45210.10307333338,0.39061654335612206,0.1362546800920093,0.8810740507730047,271.45131617282567,289.01825136992574,2.7633385292081174,143.18049651581833,0.0,09537500,2912.144,7.132089,1442.576,8.513264745599999,3.504944,1.806123168,49.67795,34.5684,37.15091,28.2807,48.85706,0.7542406,0.006350990885066124,54.22058,0,N
2021-01-01 00:00:00+00:00,0.990846861,1.001931873,0.0,1103269.9,101439.234,1001829.816,121645.375,981623.8,3560.8062,978062.8923,97878.44,23766.92387,649675.5266666667,98535.11700000009,551140.0450666667,133176.6183333335,516498.65666666656,4534.236866666665,511964.2836333334,94000.88766666659,39175.761500000044,-2.7755575615628914e-17,-7.105427357601002e-15,0.9733467792741362,269.8410050709822,290.0272209013196,2.663794538962414,158.32207444404025,0.0,09537500,2912.144,7.132089,1442.576,8.513264745599999,3.504944,1.806123168,49.67795,34.5684,37.15091,28.2807,48.85706,0.7542406,0.006350990885066124,54.22058,0,N
2021-01-15 00:00:00+00:00,1.001638886,1.001891417,0.0,419404.84,39708.367,379696.2452,55352.36,364052.53,3298.3464,360753.9077,36410.023,18942.3375,686016.9333333333,77409.64033333342,608606.8664,92021.08500000015,593995.5699999998,4216.295866666665,589779.1300000001,73193.3476666666,18827.736463333382,24.684117904544152,34.30583653041444,0.7755604414640984,272.67023318889454,288.8355272201531,2.74016541111654,142.6732483232583,0.5730336811816548,09537500,2912.144,7.132089,1442.576,8.513264745599999,3.504944,1.806123168,49.67795,34.5684,37.15091,28.2807,48.85706,0.7542406,0.006350990885066124,54.22058,0,N
2021-01-29 00:00:00+00:00,1.000649632,1.001891067,0.0,535376.06,91081.32,444294.538,99065.52,436310.38,5789.735,430520.59,85291.58,13773.94802,544579.1333333334,82126.81566666676,462452.1227000001,92088.17666666683,452490.8699999998,3828.049933333332,448662.7088333334,78298.76433333325,13789.413856333384,0.6477764801568165,-7.105427357601002e-15,1.1093430510344293,275.0546414783481,292.87334889856373,3.6984148953870677,178.87971393161766,0.12997094172466855,09537500,2912.144,7.132089,1442.576,8.513264745599999,3.504944,1.806123168,49.67795,34.5684,37.15091,28.2807,48.85706,0.7542406,0.006350990885066124,54.22058,0,N
2021-02-12 00:00:00+00:00,1.001005227,1.001853642,0.0,678956.5,115590.76,563365.5849,121846.65,557109.7,2396.0684,554713.6288,113194.69,8651.956049,569381.24,95704.66466666677,473676.41306666675,101861.58000000015,467519.4933333332,2894.8192433333315,464624.6708333334,92809.84333333327,9051.742214000049,1.5443732462233735,0.6309275220416457,0.9622953371115852,271.9813206006689,290.18609975984435,3.880062218563301,196.76699258754215,0.0,09537500,2912.144,7.132089,1442.576,8.513264745599999,3.504944,1.806123168,49.67795,34.5684,37.15091,28.2807,48.85706,0.7542406,0.006350990885066124,54.22058,0,N
2021-02-26 00:00:00+00:00,1.001468783,1.001774712,0.0,493811.16,80441.914,413369.1163,84672.57,409138.4,498.65433,408639.7937,79943.26,4729.322573,575578.22,80814.2780000001,494763.74866666674,85024.97166666682,490553.05333333317,1086.0514366666646,489467.0014333334,79728.22566666659,5296.747204000049,0.0,-7.105427357601002e-15,1.268777167589769,275.5465118374524,294.1974166462722,5.1670494102624245,220.08824108808003,0.0,09537500,2912.144,7.132089,1442.576,8.513264745599999,3.504944,1.806123168,49.67795,34.5684,37.15091,28.2807,48.85706,0.7542406,0.006350990885066124,54.22058,0,N
2021-03-12 00:00:00+00:00,1.001568933,1.001771214,0.0,553967.0,46410.16,507556.5448,48555.695,505411.06,363.43158,505047.5818,46046.727,2508.96299,741685.1866666665,71555.30333333342,670129.7090333333,74783.14300000016,666901.8199999998,1064.3913033333313,665837.4785000001,70490.91233333325,4292.230314333382,13.22694666706108,14.432709679660817,1.0089013608834028,273.54114411928657,290.7711605307173,4.286378808166029,233.7450087815964,0.0,09537500,2912.144,7.132089,1442.576,8.513264745599999,3.504944,1.806123168,49.67795,34.5684,37.15091,28.2807,48.85706,0.7542406,0.006350990885066124,54.22058,0,N
2021-03-26 00:00:00+00:00,1.001383907,1.00179803,0.0,1177277.4,87813.836,1089463.466,91121.164,1086156.0,2331.088,1083825.06,85482.75,5638.40538,924824.7799999999,60281.71533333342,864542.8863,64715.21066666682,860109.3533333332,1198.6450766666646,858910.7490000002,59083.06899999993,5632.137113666715,-8.881784197001252e-16,-7.105427357601002e-15,1.7874087033412767,279.96039229036785,298.75156388832664,6.581811535618708,279.05805386701644,0.0,09537500,2912.144,7.132089,1442.576,8.513264745599999,3.504944,1.806123168,49.67795,34.5684,37.15091,28.2807,48.85706,0.7542406,0.006350990885066124,54.22058,0,N
2021-04-09 00:00:00+00:00,1.001457591,1.001797213,0.0,1043229.94,46621.15,996608.6481,54468.773,988761.0,901.41565,987859.6052,45719.73,8749.042971,1008584.1466666666,58007.93666666676,950576.0799666668,61998.40100000015,946585.6333333332,1209.2845166666648,945376.3328666668,56798.65233333325,5199.746911333382,0.06893084455774981,-7.105427357601002e-15,1.7965869807980652,281.9928747529103,298.66786293033107,7.072330346465123,297.7381855240902,0.0,09537500,2912.144,7.132089,1442.576,8.513264745599999,3.504944,1.806123168,49.67795,34.5684,37.15091,28.2807,48.85706,0.7542406,0.006350990885066124,54.22058,0,N
2021-04-23 00:00:00+00:00,1.001685638,1.001809805,0.0,805245.1,39588.824,765656.1258,40405.266,764839.9,395.3499,764444.3334,39193.477,1211.792383,1174469.8466666667,47066.05900000009,1127403.6496333333,50607.33733333348,1123862.433333333,523.3342166666645,1123339.0368666667,46542.72399999992,4064.612852000048,1.3335735443536954,0.8465879015065414,1.8714602346243392,280.80773372127214,299.4102613013683,7.090660247442811,304.6274137083663,0.0,09537500,2912.144,7.132089,1442.576,8.513264745599999,3.504944,1.806123168,49.67795,34.5684,37.15091,28.2807,48.85706,0.7542406,0.006350990885066124,54.22058,0,N
2021-05-07 00:00:00+00:00,1.001538503,1.001861804,0.0,1674934.5,54988.203,1619946.175,56947.973,1617986.4,273.2371,1617713.172,54714.965,2233.003202,976821.6266666666,40988.129000000095,935833.4298333335,42112.478000000156,934709.1399999998,290.12775999999786,934418.9543333334,40698.00266666659,1414.4755622000478,-8.881784197001252e-16,0.0014905906518165946,2.4383443407547247,283.99153239282515,303.59344511572743,8.324311534450118,343.11659203386836,0.0,09537500,2912.144,7.132089,1442.576,8.513264745599999,3.504944,1.806123168,49.67795,34.5684,37.15091,28.2807,48.85706,0.7542406,0.006350990885066124,54.22058,0,N
2021-05-21 00:00:00+00:00,1.001703826,1.001903426,0.0,450285.28,28387.36,421897.9887,28984.195,421301.12,201.79628,421099.3576,28185.566,798.6311016,893824.16,32367.734666666754,861456.3603666667,33599.70600000016,860224.4066666664,158.34445999999787,860066.0457000001,32209.390666666586,1390.3147188667144,0.1691568440611155,-7.105427357601002e-15,2.713275127553768,285.20741589090716,305.0268391482453,8.117124207642938,325.0102579524062,0.0,09537500,2912.144,7.132089,1442.576,8.513264745599999,3.504944,1.806123168,49.67795,34.5684,37.15091,28.2807,48.85706,0.7542406,0.006350990885066124,54.22058,0,N
2021-06-04 00:00:00+00:00,1.00175326,1.001914502,0.0,556252.7,13727.641,542524.9174,14866.95,541385.7,0.0,541385.6075,13727.641,1139.309853,648318.3066666666,17525.404000000086,630792.7987333334,18574.267333333486,629744.0066666665,171.60092666666455,629572.3341000002,17353.80399999992,1220.464627200048,0.1757367505936308,0.0007624013309972967,3.5722871606825235,290.8904626885476,309.17071045395375,8.943852528961523,321.0815510958434,0.0,09537500,2912.144,7.132089,1442.576,8.513264745599999,3.504944,1.806123168,49.67795,34.5684,37.15091,28.2807,48.85706,0.7542406,0.006350990885066124,54.22058,0,N
2021-06-18 00:00:00+00:00,1.001435789,1.001939568,0.0,938416.94,10461.211,927955.4901,11871.657,926545.2,313.0065,926232.0372,10148.205,1723.452927,643661.4933333333,19568.167333333422,624093.18,23449.934000000154,620211.4999999998,193.20614666666452,620018.2057000002,19374.960333333256,4074.9743043333815,11.210337972170723,10.733114139626036,2.8611056997874926,292.50226612206797,307.3812668127148,8.190819027764332,312.96729058115585,0.0,09537500,2912.144,7.132089,1442.576,8.513264745599999,3.504944,1.806123168,49.67795,34.5684,37.15091,28.2807,48.85706,0.7542406,0.006350990885066124,54.22058,0,N
2021-07-02 00:00:00+00:00,1.001493384,1.001979908,0.09504331657142857,436314.84,34515.65,401799.1325,43611.195,392703.6,266.61194,392436.9724,34249.035,9362.160133,1012051.5599999999,47729.86366666675,964321.2795333335,59006.9573333335,953044.2999999998,593.5835133333312,952450.5968666668,47136.27666666659,11870.682550000047,44.24736450365272,36.26744364437003,1.9690858621798832,292.3220646125305,306.211326113879,6.346760182130363,266.78527144761813,0.0,09537500,2912.144,7.132089,1442.576,8.513264745599999,3.504944,1.806123168,49.67795,34.5684,37.15091,28.2807,48.85706,0.7542406,0.006350990885066124,54.22058,0,N
2021-07-16 00:00:00+00:00,0.986622856,1.002210637,0.9211859565714287,1661422.9,98212.73,1563209.216,121538.02,1539884.1,1201.1321,1538682.781,97011.59,24526.43459,1167524.5133333334,198781.16000000006,968743.0417,270646.43833333347,896877.9333333332,1957.1601133333309,894920.5631000003,196824.0016666666,73822.47847433337,94.53685475089392,112.79608691165342,1.4498583207758664,290.66738265756754,303.54356736949563,5.208240415153042,243.04284848771866,0.0,09537500,2912.144,7.132089,1442.576,8.513264745599999,3.504944,1.806123168,49.67795,34.5684,37.15091,28.2807,48.85706,0.7542406,0.006350990885066124,54.22058,0,N
2021-07-30 00:00:00+00:00,0.993564075,1.002309154,0.9028609417142858,1404835.8,463615.1,941220.7766,646790.1,758046.1,4403.7363,753641.9359,459211.38,187578.8407,2743223.9,1356000.6766666668,1387223.8965333335,1720556.04,1022667.9333333332,10427.07613333333,1012240.6639000002,1345573.49,374983.23246333335,51.35643129487457,55.88376943809691,1.6045199116304654,291.1382754121028,305.0249273642188,5.67341494969656,253.64553155568527,0.0,09537500,2912.144,7.132089,1442.576,8.513264745599999,3.504944,1.806123168,49.67795,34.5684,37.15091,28.2807,48.85706,0.7542406,0.006350990885066124,54.22058,0,N
2021-08-13 00:00:00+00:00,0.994265239,1.002326176,1.6887128205714286,5163413.0,3506174.2,1657241.697,4393340.0,770073.6,25676.36,744397.2748,3480497.5,912844.4221,3403263.4333333336,2123137.3666666667,1280127.1508666668,2636122.8666666667,767140.483333333,16892.446766666664,750247.7387333335,2106244.96,529879.4120666668,50.615002727640004,61.535180095582575,1.3191439760168966,290.01319665084117,303.56087212696156,5.276410237371996,253.48030926695483,0.0,09537500,2912.144,7.132089,1442.576,8.513264745599999,3.504944,1.806123168,49.67795,34.5684,37.15091,28.2807,48.85706,0.7542406,0.006350990885066124,54.22058,0,N
2021-08-27 00:00:00+00:00,1.000796067,1.0023404,0.1548726697142857,3641541.5,2399622.8,1241918.979,2868238.5,773301.75,20597.244,752704.0055,2379026.0,489214.9734,3657028.3333333335,2439641.0,1217388.3291666666,2990417.466666667,666610.5766666665,18080.52966666666,648529.8921666668,2421560.566666667,568858.4369333334,28.076192985928135,25.91963545674848,1.5780458402695459,289.7485054517937,304.2626821433158,5.156776145963669,243.53815175944638,0.0,09537500,2912.144,7.132089,1442.576,8.513264745599999,3.504944,1.806123168,49.67795,34.5684,37.15091,28.2807,48.85706,0.7542406,0.006350990885066124,54.22058,0,N
2021-09-10 00:00:00+00:00,1.001485922,1.002345297,0.03584097828571429,2166130.5,1413126.0,753004.3115,1709673.9,456456.38,7967.985,448488.3962,1405158.2,304515.9153,2338689.533333333,1522988.1199999999,815701.5055999999,1794130.32,544558.8033333332,11178.191899999998,533380.4455666668,1511810.0999999999,282321.0599766667,6.424503677724031,7.431850109991418,1.9983463990497026,287.9028585860156,305.0758134103297,5.686839598567238,249.3473376143307,0.0,09537500,2912.144,7.132089,1442.576,8.513264745599999,3.504944,1.806123168,49.67795,34.5684,37.15091,28.2807,48.85706,0.7542406,0.006350990885066124,54.22058,0,N
2021-09-24 00:00:00+00:00,1.001539553,1.002299244,0.05020164114285714,1208396.6,756215.56,452181.2263,804478.56,403918.28,4969.3467,398948.935,751246.1,53232.29123,1703644.0999999999,1099106.8866666667,604537.0120333333,1251503.52,452140.6999999999,6564.420466666664,445576.2432333335,1092542.5999999999,158960.7687766667,21.544768535160145,22.34025493017959,1.5670698518430304,284.59371570017845,301.47043318887006,4.5090865321888485,217.806503122415,0.0,09537500,2912.144,7.132089,1442.576,8.513264745599999,3.504944,1.806123168,49.67795,34.5684,37.15091,28.2807,48.85706,0.7542406,0.006350990885066124,54.22058,0,N
2021-10-08 00:00:00+00:00,1.001338088,1.002102442,0.0009708617142857142,1736405.2,1127979.1,608425.4983,1240358.1,496047.44,6755.9297,489291.3985,1121223.5,119134.0998,1474657.0666666667,937197.3033333333,537459.3236333333,1006195.8533333334,468461.1666666665,5581.669799999997,462879.4155666668,931615.6999999998,74579.9080366667,0.0,-7.105427357601002e-15,1.7733479465676927,279.970116859307,301.325768170928,5.715491512314196,224.4796615564647,0.0,09537500,2912.144,7.132089,1442.576,8.513264745599999,3.504944,1.806123168,49.67795,34.5684,37.15091,28.2807,48.85706,0.7542406,0.006350990885066124,54.22058,0,N
2021-10-22 00:00:00+00:00,1.001303927,1.002033072,0.0,1479169.4,927397.25,551771.2463,973750.9,505417.78,5019.733,500397.9132,922377.5,51373.33308,1569516.2666666666,962919.1366666667,606596.3622666666,1020695.6466666666,548820.2199999999,5389.389899999997,543430.7251000003,957529.8333333334,63165.637140000035,0.0,-7.105427357601002e-15,1.7161475975146714,279.32103490253616,300.2566434254249,4.650181632027663,200.94387504305163,0.0,09537500,2912.144,7.132089,1442.576,8.513264745599999,3.504944,1.806123168,49.67795,34.5684,37.15091,28.2807,48.85706,0.7542406,0.006350990885066124,54.22058,0,N
2021-11-05 00:00:00+00:00,1.001584789,1.002045664,0.0,1492974.2,833381.06,659592.3422,847977.94,644995.44,4392.507,640602.8636,828988.5,18989.47854,1594877.2666666666,814494.6366666667,780381.6321666666,837783.4133333334,757093.0066666665,5293.232166666664,751799.6579333334,809201.3999999999,28581.9743866667,0.0,-7.105427357601002e-15,1.6229951637511986,278.002563885624,298.224439143138,3.6913533937732277,176.26807164501983,0.0,09537500,2912.144,7.132089,1442.576,8.513264745599999,3.504944,1.806123168,49.67795,34.5684,37.15091,28.2807,48.85706,0.7542406,0.006350990885066124,54.22058,0,N
2021-11-19 00:00:00+00:00,1.001209723,1.00200171,0.0,1812488.2,682705.6,1129781.308,691621.4,1120865.8,6467.4565,1114398.197,676238.2,15383.11154,1864700.8,734213.7400000001,1130485.8207333332,750064.9666666668,1114634.913333333,5998.352833333331,1108636.2705333335,728215.3799999999,21849.550530000037,1.9079048089039445,2.725204729449617,1.0952897085066495,277.63376064326553,293.7087578238526,2.942013742209176,148.15214531564158,0.0,09537500,2912.144,7.132089,1442.576,8.513264745599999,3.504944,1.806123168,49.67795,34.5684,37.15091,28.2807,48.85706,0.7542406,0.006350990885066124,54.22058,0,N
2021-12-03 00:00:00+00:00,1.001247265,1.001940851,0.0,2288640.0,686554.56,1602083.812,710595.56,1578043.5,7135.095,1570907.751,679419.44,31176.06151,1966427.5333333332,654783.4066666667,1311642.6856666666,674407.6533333334,1292018.9333333333,5862.674499999997,1286155.8370000003,648920.7466666666,25486.84910666671,5.669381118823612,6.5075225467049345,0.9280228491636625,275.3917739437315,292.491657516708,2.804366404122135,137.09751123413233,0.0,09537500,2912.144,7.132089,1442.576,8.513264745599999,3.504944,1.806123168,49.67795,34.5684,37.15091,28.2807,48.85706,0.7542406,0.006350990885066124,54.22058,0,N
2021-12-17 00:00:00+00:00,1.000991586,1.001909955,0.0,1798154.4,595090.06,1203062.937,621006.0,1177147.5,3985.472,1173161.563,591104.6,29901.37427,4433132.466666666,1971527.54,2461604.078,2771671.686666667,1661459.1666666667,29504.232333333333,1631954.295,1942023.68,829649.7832599999,27.514716832014187,31.044143840924768,0.6907585728124427,275.6097135727897,289.11675907915543,2.3030405921711568,120.41359704306605,0.0,09537500,2912.144,7.132089,1442.576,8.513264745599999,3.504944,1.806123168,49.67795,34.5684,37.15091,28.2807,48.85706,0.7542406,0.006350990885066124,54.22058,0,N
2022-01-01 00:00:00+00:00,1.000523133,1.00185271,0.0,9212603.0,4632938.0,4579665.485,6983413.5,2229186.5,77392.13,2151793.571,4555547.0,2427871.914,6811440.8,3677702.02,3133740.8809999996,5045769.666666667,1765672.0,59608.25066666666,1706063.4696666666,3618094.1999999997,1427677.4114233332,1.428703657613078,2.679924242748376,0.8082802826378662,272.1540901936282,289.04337079240963,2.4702665899593224,144.32773820317763,0.0,09537500,2912.144,7.132089,1442.576,8.513264745599999,3.504944,1.806123168,49.67795,34.5684,37.15091,28.2807,48.85706,0.7542406,0.006350990885066124,54.22058,0,N
2022-01-15 00:00:00+00:00,1.000450149,1.001692051,0.0,9423565.0,5805078.0,3618494.221,7532889.5,1890682.0,97447.15,1793235.275,5707631.0,1825258.946,9354947.666666666,5254397.5,4100553.2133333334,7337855.666666667,2017093.3,85376.66666666667,1931716.381,5169020.5,2168836.8323333333,3.4470054347154075,3.621423089879918,0.7359597346207843,273.0723685921135,288.7846952763995,2.6823320172888536,157.30490155480442,0.0,09537500,2912.144,7.132089,1442.576,8.513264745599999,3.504944,1.806123168,49.67795,34.5684,37.15091,28.2807,48.85706,0.7542406,0.006350990885066124,54.22058,0,N
2022-01-29 00:00:00+00:00,1.001028195,1.00152323,0.0,9428675.0,5325176.5,4103499.934,7497264.0,1931411.4,81290.72,1850120.297,5243883.5,2253379.637,9495725.666666666,5360264.833333333,4135463.6909999996,7391266.166666667,2104460.6333333333,81939.26133333333,2022521.089,5278326.166666667,2112942.602,2.5424461356969346,1.224666066412065,0.8421685842192198,270.49013215746635,288.4123714129675,3.0495413514410195,172.38658904749778,0.0,09537500,2912.144,7.132089,1442.576,8.513264745599999,3.504944,1.806123168,49.67795,34.5684,37.15091,28.2807,48.85706,0.7542406,0.006350990885066124,54.22058,0,N
2022-02-12 00:00:00+00:00,0.97906873,1.001570449,0.0,9634937.0,4950540.0,4684396.918,7143645.0,2491288.5,67079.914,2424207.695,4883464.0,2260189.223,8752781.833333334,4599966.899999999,4152815.1393333334,6716386.0,2036394.0,64188.57966666668,1972204.8543333337,4535779.233333333,2180610.285333333,2.1787620759611874,3.5840636538939066,0.9827648062522337,272.73941370563506,290.6260053359155,3.9902675986955183,197.98133061852397,0.0,09537500,2912.144,7.132089,1442.576,8.513264745599999,3.504944,1.806123168,49.67795,34.5684,37.15091,28.2807,48.85706,0.7542406,0.006350990885066124,54.22058,0,N
2022-02-26 00:00:00+00:00,1.000625848,1.001590735,0.0,7194733.5,3524184.2,3670548.566,5508249.0,1686482.1,44195.105,1642286.571,3479990.2,2028261.996,7810586.0,3846265.3333333335,3964320.0113333333,5872190.166666667,1938393.4000000001,48394.78366666668,1889998.0463333335,3797872.1333333333,2074321.9653333335,0.2505905476340885,0.2371858339125771,1.2198065418282524,273.75099390255866,292.87687161501555,4.201504899002467,221.31805805377562,0.0,09537500,2912.144,7.132089,1442.576,8.513264745599999,3.504944,1.806123168,49.67795,34.5684,37.15091,28.2807,48.85706,0.7542406,0.006350990885066124,54.22058,0,N
2022-03-12 00:00:00+00:00,1.001321998,1.001601228,0.0,6602087.5,3064071.8,3538014.55,4964676.5,1637409.6,33909.332,1603499.873,3030162.2,1934514.677,6292822.833333333,2735506.6666666665,3557314.8896666667,4663467.566666666,1629352.9333333336,31119.74666666667,1598232.847,2704387.4,1959082.0429999998,2.8081800831228643,1.4281485102810132,1.481675779064176,275.299020249065,295.5546061614222,5.249991254223052,260.13619759352315,0.0,09537500,2912.144,7.132089,1442.576,8.513264745599999,3.504944,1.806123168,49.67795,34.5684,37.15091,28.2807,48.85706,0.7542406,0.006350990885066124,54.22058,0,N
2022-03-26 00:00:00+00:00,1.001347065,1.001621514,0.0,5081647.5,1618264.0,3463381.553,3517477.2,1564167.1,15254.803,1548912.097,1603009.8,1914469.456,5219911.499999999,1990761.9666666668,3229148.0230000005,3749695.0666666664,1470214.8666666665,20444.04966666667,1449770.4923333332,1970318.0333333334,1779377.5306666668,3.2340098737531617,3.5059359516471247,1.6991229648012822,279.66897276204764,298.23233537633996,6.0325306670878,273.4801994546844,0.0,09537500,2912.144,7.132089,1442.576,8.513264745599999,3.504944,1.806123168,49.67795,34.5684,37.15091,28.2807,48.85706,0.7542406,0.006350990885066124,54.22058,0,N
2022-04-09 00:00:00+00:00,1.001454909,1.001626178,0.0,3975999.5,1289950.1,2686047.966,2766931.5,1209067.9,12168.014,1196899.507,1277782.1,1489148.459,3802798.666666666,1177787.5533333335,2625010.299,2646900.966666667,1155896.8333333333,12279.459,1143617.1719333334,1165508.32,1481393.127,0.0,-7.105427357601002e-15,2.1706046770918763,281.410388159708,301.23056973156326,7.685454485747591,309.7861090746095,0.0,09537500,2912.144,7.132089,1442.576,8.513264745599999,3.504944,1.806123168,49.67795,34.5684,37.15091,28.2807,48.85706,0.7542406,0.006350990885066124,54.22058,0,N
2022-04-23 00:00:00+00:00,1.001589219,1.001625245,0.0,2350749.0,625148.56,1725601.378,1656294.2,694455.5,9415.56,685039.9118,615733.06,1040561.466,3030789.7666666657,739859.8966666668,2290929.432333334,1971099.5,1059690.0,8634.428133333333,1051055.3046000001,731225.4866666667,1239874.1276666666,0.0,-7.105427357601002e-15,2.19244916509052,281.7742651287197,301.7754663389184,7.67914625955948,330.84099428254746,0.0,09537500,2912.144,7.132089,1442.576,8.513264745599999,3.504944,1.806123168,49.67795,34.5684,37.15091,28.2807,48.85706,0.7542406,0.006350990885066124,54.22058,0,N
2022-05-07 00:00:00+00:00,1.001531275,1.001630142,0.0,2765620.8,304481.03,2461138.953,1490072.8,1275546.6,4319.7104,1271226.495,300161.3,1189912.458,2543334.766666666,448312.8233333334,2095022.2800000005,1542373.1333333335,1000961.8666666667,6783.7068,994177.9619333334,441529.1533333333,1100844.318,0.0,-7.105427357601002e-15,2.7044178203609026,284.58509335736596,304.93246188858575,8.665356379383297,346.42500136800015,0.0,09537500,2912.144,7.132089,1442.576,8.513264745599999,3.504944,1.806123168,49.67795,34.5684,37.15091,28.2807,48.85706,0.7542406,0.006350990885066124,54.22058,0,N
2022-05-21 00:00:00+00:00,1.001564269,1.001631541,0.0,2513634.5,415308.88,2098326.509,1480752.4,1032883.5,6615.85,1026267.479,408693.1,1072059.03,2764292.6999999993,351347.6566666667,2412945.146,1509442.2666666666,1254851.0999999999,6019.9008,1248830.8490000002,345327.76666666666,1164114.297,0.0,-7.105427357601002e-15,2.7573915574865047,286.3917515059017,305.73668492194776,8.82701347274505,344.4872814654764,0.0,09537500,2912.144,7.132089,1442.576,8.513264745599999,3.504944,1.806123168,49.67795,34.5684,37.15091,28.2807,48.85706,0.7542406,0.006350990885066124,54.22058,0,N
2022-06-04 00:00:00+00:00,1.001481258,1.001629909,0.0,3013622.8,334253.06,2679369.976,1557501.6,1456123.2,7124.142,1448998.573,327128.9,1230371.403,2693416.9333333327,430746.0,2262671.0176666672,1432516.0,1260901.7333333334,5697.199333333334,1255204.4746666667,425048.8133333333,1007466.5430666666,4.45476759398483,5.501354984425788,3.2784132370145285,291.33691921296133,308.9572580012628,8.791703919466773,323.60973429002604,0.0,09537500,2912.144,7.132089,1442.576,8.513264745599999,3.504944,1.806123168,49.67795,34.5684,37.15091,28.2807,48.85706,0.7542406,0.006350990885066124,54.22058,0,N
2022-06-18 00:00:00+00:00,0.993590308,1.001631191,0.08371659657142858,2552993.5,542676.06,2010316.568,1259294.0,1293698.5,3351.606,1290347.372,539324.44,719969.1962,3106819.7666666657,626270.94,2480549.0080000004,1747607.8,1359213.0999999999,7093.345,1352119.367,619177.6466666666,1128429.6414,67.94681981202714,65.56899733637032,1.9884522054632205,290.5629249557111,304.10763398875827,6.103528500505634,276.8771195155571,0.0,09537500,2912.144,7.132089,1442.576,8.513264745599999,3.504944,1.806123168,49.67795,34.5684,37.15091,28.2807,48.85706,0.7542406,0.006350990885066124,54.22058,0,N
2022-07-02 00:00:00+00:00,0.99650444,1.001628393,0.02829657371428571,3753843.0,1001883.7,2751960.48,2426027.8,1327817.6,10804.287,1317012.156,991079.6,1434948.325,2782771.2999999993,695517.6066666666,2087254.258666667,1770537.4333333333,1012234.5666666665,6924.989666666667,1005309.3614666667,688592.66,1081944.8977333333,25.935696573205615,27.48023811083041,2.381886996129231,291.7265545483052,306.99908106534093,6.444289116722054,279.6774742223807,0.0,09537500,2912.144,7.132089,1442.576,8.513264745599999,3.504944,1.806123168,49.67795,34.5684,37.15091,28.2807,48.85706,0.7542406,0.006350990885066124,54.22058,0,N
2022-07-16 00:00:00+00:00,0.999303033,1.001601228,0.1968422125714286,2041477.4,541993.06,1499485.728,1626290.5,415187.6,6619.076,408568.5564,535373.94,1090917.172,3690531.4666666663,1041243.7866666666,2649288.8570000003,2593763.933333333,1096768.7666666666,12826.832666666667,1083941.5067999999,1028416.8466666667,1565347.3506666666,69.01970576406345,89.97094474798205,1.9206141845769407,291.9735514780213,306.46878114953273,6.504904423002915,258.803163857568,0.0,09537500,2912.144,7.132089,1442.576,8.513264745599999,3.504944,1.806123168,49.67795,34.5684,37.15091,28.2807,48.85706,0.7542406,0.006350990885066124,54.22058,0,N
2022-07-30 00:00:00+00:00,0.9526255,1.001545149,1.1324899634285714,5276274.0,1579854.6,3696420.363,3728973.5,1547301.1,21057.135,1526243.808,1558797.0,2170176.555,2959733.0666666664,1018576.7200000001,1941157.1142666668,2113024.8000000003,846708.7533333333,12207.897333333332,834500.7884,1006368.6466666666,1106656.3260166668,66.58034011290007,88.02691184041124,1.4378300142663778,290.7101463356864,304.9142144725966,5.663930328220645,275.2762684138832,0.0,09537500,2912.144,7.132089,1442.576,8.513264745599999,3.504944,1.806123168,49.67795,34.5684,37.15091,28.2807,48.85706,0.7542406,0.006350990885066124,54.22058,0,N
2022-08-13 00:00:00+00:00,0.924461538,1.001182325,1.3512574697142856,1561447.8,933882.5,627565.2518,983810.4,577637.56,8947.481,568690.0008,924935.0,58875.25105,4802053.099999999,2213501.6999999997,2588551.175266667,3653115.966666667,1148935.92,20289.018,1128646.9302666665,2193212.2666666666,1459904.2450166668,100.09705979242095,104.9116976858417,0.9455550304425051,290.5372650639681,301.3153937088346,4.020433336901503,197.60874280913427,0.0,09537500,2912.144,7.132089,1442.576,8.513264745599999,3.504944,1.806123168,49.67795,34.5684,37.15091,28.2807,48.85706,0.7542406,0.006350990885066124,54.22058,0,N
2022-08-27 00:00:00+00:00,0.999524435,1.001278511,1.86607712,7568437.5,4126768.0,3441667.911,6246564.0,1321869.1,30862.438,1291006.982,4095904.8,2150660.929,6885425.099999999,4480537.0,2404889.446266667,5580861.466666667,1304562.6199999999,49544.223,1255018.3242666668,4430991.433333334,1149871.1216833333,4.114637457838271,5.096877697924549,1.4292733430041993,289.0560760862704,302.99391261200356,5.523003440726467,252.76807444732123,0.0,09537500,2912.144,7.132089,1442.576,8.513264745599999,3.504944,1.806123168,49.67795,34.5684,37.15091,28.2807,48.85706,0.7542406,0.006350990885066124,54.22058,0,N
2022-09-10 00:00:00+00:00,1.000128597,1.00125496,0.367835232,11526390.0,8380960.5,3145435.176,9512210.0,2014181.2,108822.75,1905357.99,8272134.5,1240077.185,9183702.833333332,6319552.833333333,2864151.9883333337,7846160.333333333,1337541.3666666665,71807.52266666667,1265733.6095666667,6247744.433333334,1598418.3786666666,45.20309336090524,51.43314020001229,1.4897618981462453,287.7052075728338,303.61732321420857,5.20529827832096,237.40735079560775,0.0,09537500,2912.144,7.132089,1442.576,8.513264745599999,3.504944,1.806123168,49.67795,34.5684,37.15091,28.2807,48.85706,0.7542406,0.006350990885066124,54.22058,0,N
2022-09-24 00:00:00+00:00,1.000628413,1.001316635,0.09344544,8456281.0,6450930.0,2005352.878,7779707.0,676573.8,75737.38,600835.8567,6375194.0,1404517.022,7069167.699999999,5208598.8533333335,1860571.4669333335,6046839.5,1022328.5933333333,63600.64433333334,958727.6011,5144997.583333333,901843.8657333334,29.258789720970682,36.619507928161994,1.3497357179702807,285.7419439826107,300.0172002126852,4.656452168364851,221.33901794109929,0.0,09537500,2912.144,7.132089,1442.576,8.513264745599999,3.504944,1.806123168,49.67795,34.5684,37.15091,28.2807,48.85706,0.7542406,0.006350990885066124,54.22058,0,N
2022-10-08 00:00:00+00:00,0.997681752,1.001414453,0.02953037714285714,1224832.1,793906.06,430926.3468,848601.5,376230.78,6241.803,369988.9566,787664.25,60937.3902,6419004.699999998,4383679.3533333335,2035323.344266667,5440985.0,978019.0266666667,50944.181000000004,927074.6357666667,4332736.583333333,1108248.7084000001,14.24677920775817,7.361265627829351,1.070991666326435,282.3528281278839,296.69891759948956,3.877417175244094,204.37475751798016,0.0,09537500,2912.144,7.132089,1442.576,8.513264745599999,3.504944,1.806123168,49.67795,34.5684,37.15091,28.2807,48.85706,0.7542406,0.006350990885066124,54.22058,0,N
2022-10-22 00:00:00+00:00,1.000133028,1.001544799,0.0,9575901.0,5906202.0,3669690.808,7694646.5,1881252.5,70853.36,1810399.094,5835351.5,1859291.713,5535853.866666665,3071174.3533333335,2464677.6236000005,4350004.833333333,1185848.36,34629.131,1151219.0442000001,3036546.3166666664,1313458.5790666668,6.207474180702421,5.7020124818183096,0.9928301724731928,276.27173695716704,293.2973208836392,3.641964181462559,192.81449086386192,0.0,09537500,2912.144,7.132089,1442.576,8.513264745599999,3.504944,1.806123168,49.67795,34.5684,37.15091,28.2807,48.85706,0.7542406,0.006350990885066124,54.22058,0,N
2022-11-05 00:00:00+00:00,1.00056767,1.001547714,0.0,5806828.5,2513415.0,3293415.716,4506766.5,1300061.8,26792.23,1273269.082,2486623.2,2020146.634,7692924.666666665,4031270.0666666664,3661652.0773333334,6057657.0,1635267.0999999999,47561.98,1587704.957333333,3983709.5,2073947.119666667,0.0,-7.105427357601002e-15,0.9002050554999999,273.9795987807478,291.89633595524015,3.117339744022448,172.83488949341717,0.0,09537500,2912.144,7.132089,1442.576,8.513264745599999,3.504944,1.806123168,49.67795,34.5684,37.15091,28.2807,48.85706,0.7542406,0.006350990885066124,54.22058,0,N
2022-11-19 00:00:00+00:00,1.001098148,1.001587704,0.0,7696044.5,3674193.2,4021849.708,5971558.0,1724487.0,45040.35,1679446.696,3629153.8,2342403.012,7686695.999999999,3977990.4,3708703.8000000003,6059296.0,1627397.5333333332,54910.98,1572486.2833333332,3923079.0,2136217.516666667,0.0,-7.105427357601002e-15,0.863237642923562,272.3758412727926,290.3144393771668,3.0050417715143114,160.4214456683558,0.0,09537500,2912.144,7.132089,1442.576,8.513264745599999,3.504944,1.806123168,49.67795,34.5684,37.15091,28.2807,48.85706,0.7542406,0.006350990885066124,54.22058,0,N
2022-12-03 00:00:00+00:00,0.999563026,1.001579309,0.0,9557215.0,5746363.0,3810845.976,7699563.5,1857643.8,92900.36,1764743.072,5653460.0,2046102.904,8717780.833333332,4813715.733333333,3904063.377666667,7023229.0,1694550.0666666667,68833.78,1625716.387,4744880.766666667,2278346.990666667,27.127475737553638,29.285927994445657,0.553933992613321,273.917273700657,288.4323217918306,1.9968093050984075,117.34857176476773,0.0,09537500,2912.144,7.132089,1442.576,8.513264745599999,3.504944,1.806123168,49.67795,34.5684,37.15091,28.2807,48.85706,0.7542406,0.006350990885066124,54.22058,0,N
2022-12-17 00:00:00+00:00,1.001313837,1.001562521,0.0,8900083.0,5020591.0,3879494.449,7398565.5,1501519.4,68560.63,1432959.393,4952028.5,2446535.056,9228648.999999998,5383477.0,3845170.212500001,7549064.5,1679581.6,80730.495,1598851.2325000002,5302744.25,2246318.9800000004,2.256357574675199,1.3485411446839515,0.7692533755495268,272.35507186281126,289.4421550307194,2.2952204323236374,135.01796893656694,0.0,09537500,2912.144,7.132089,1442.576,8.513264745599999,3.504944,1.806123168,49.67795,34.5684,37.15091,28.2807,48.85706,0.7542406,0.006350990885066124,54.22058,0,N
